/*M!999999\- enable the sandbox mode */ 
-- MariaDB dump 10.19  Distrib 10.11.14-MariaDB, for debian-linux-gnu (x86_64)
--
-- Host: localhost    Database: hr_analytics
-- ------------------------------------------------------
-- Server version	10.11.14-MariaDB-0ubuntu0.24.04.1

/*!40101 SET @OLD_CHARACTER_SET_CLIENT=@@CHARACTER_SET_CLIENT */;
/*!40101 SET @OLD_CHARACTER_SET_RESULTS=@@CHARACTER_SET_RESULTS */;
/*!40101 SET @OLD_COLLATION_CONNECTION=@@COLLATION_CONNECTION */;
/*!40101 SET NAMES utf8mb4 */;
/*!40103 SET @OLD_TIME_ZONE=@@TIME_ZONE */;
/*!40103 SET TIME_ZONE='+00:00' */;
/*!40014 SET @OLD_UNIQUE_CHECKS=@@UNIQUE_CHECKS, UNIQUE_CHECKS=0 */;
/*!40014 SET @OLD_FOREIGN_KEY_CHECKS=@@FOREIGN_KEY_CHECKS, FOREIGN_KEY_CHECKS=0 */;
/*!40101 SET @OLD_SQL_MODE=@@SQL_MODE, SQL_MODE='NO_AUTO_VALUE_ON_ZERO' */;
/*!40111 SET @OLD_SQL_NOTES=@@SQL_NOTES, SQL_NOTES=0 */;

--
-- Table structure for table `attrition_log`
--

DROP TABLE IF EXISTS `attrition_log`;
/*!40101 SET @saved_cs_client     = @@character_set_client */;
/*!40101 SET character_set_client = utf8mb4 */;
CREATE TABLE `attrition_log` (
  `attrition_id` int(11) NOT NULL AUTO_INCREMENT,
  `employee_id` int(11) NOT NULL,
  `exit_date` date NOT NULL,
  `exit_reason` varchar(100) DEFAULT NULL,
  PRIMARY KEY (`attrition_id`),
  KEY `idx_attr_employee` (`employee_id`),
  CONSTRAINT `attrition_log_ibfk_1` FOREIGN KEY (`employee_id`) REFERENCES `employees` (`employee_id`) ON DELETE CASCADE
) ENGINE=InnoDB AUTO_INCREMENT=267 DEFAULT CHARSET=utf8mb4 COLLATE=utf8mb4_general_ci;
/*!40101 SET character_set_client = @saved_cs_client */;

--
-- Dumping data for table `attrition_log`
--

LOCK TABLES `attrition_log` WRITE;
/*!40000 ALTER TABLE `attrition_log` DISABLE KEYS */;
INSERT INTO `attrition_log` VALUES
(1,1009,'2024-12-31','Not specified'),
(2,1018,'2024-12-31','Not specified'),
(3,1020,'2024-12-31','Not specified'),
(4,1032,'2024-12-31','Not specified'),
(5,1038,'2024-12-31','Not specified'),
(6,1045,'2024-12-31','Not specified'),
(7,1053,'2024-12-31','Not specified'),
(8,1064,'2024-12-31','Not specified'),
(9,1068,'2024-12-31','Not specified'),
(10,1070,'2024-12-31','Not specified'),
(11,1077,'2024-12-31','Not specified'),
(12,1084,'2024-12-31','Not specified'),
(13,1085,'2024-12-31','Not specified'),
(14,1087,'2024-12-31','Not specified'),
(15,1112,'2024-12-31','Not specified'),
(16,1113,'2024-12-31','Not specified'),
(17,1115,'2024-12-31','Not specified'),
(18,1124,'2024-12-31','Not specified'),
(19,1129,'2024-12-31','Not specified'),
(20,1139,'2024-12-31','Not specified'),
(21,1142,'2024-12-31','Not specified'),
(22,1144,'2024-12-31','Not specified'),
(23,1147,'2024-12-31','Not specified'),
(24,1165,'2024-12-31','Not specified'),
(25,1167,'2024-12-31','Not specified'),
(26,1168,'2024-12-31','Not specified'),
(27,1173,'2024-12-31','Not specified'),
(28,1183,'2024-12-31','Not specified'),
(29,1189,'2024-12-31','Not specified'),
(30,1193,'2024-12-31','Not specified'),
(31,1195,'2024-12-31','Not specified'),
(32,1197,'2024-12-31','Not specified'),
(33,1203,'2024-12-31','Not specified'),
(34,1210,'2024-12-31','Not specified'),
(35,1215,'2024-12-31','Not specified'),
(36,1221,'2024-12-31','Not specified'),
(37,1223,'2024-12-31','Not specified'),
(38,1229,'2024-12-31','Not specified'),
(39,1234,'2024-12-31','Not specified'),
(40,1240,'2024-12-31','Not specified'),
(41,1242,'2024-12-31','Not specified'),
(42,1244,'2024-12-31','Not specified'),
(43,1245,'2024-12-31','Not specified'),
(44,1246,'2024-12-31','Not specified'),
(45,1249,'2024-12-31','Not specified'),
(46,1254,'2024-12-31','Not specified'),
(47,1256,'2024-12-31','Not specified'),
(48,1259,'2024-12-31','Not specified'),
(49,1261,'2024-12-31','Not specified'),
(50,1267,'2024-12-31','Not specified'),
(51,1275,'2024-12-31','Not specified'),
(52,1277,'2024-12-31','Not specified'),
(53,1286,'2024-12-31','Not specified'),
(54,1290,'2024-12-31','Not specified'),
(55,1310,'2024-12-31','Not specified'),
(56,1333,'2024-12-31','Not specified'),
(57,1344,'2024-12-31','Not specified'),
(58,1355,'2024-12-31','Not specified'),
(59,1359,'2024-12-31','Not specified'),
(60,1361,'2024-12-31','Not specified'),
(61,1371,'2024-12-31','Not specified'),
(62,1392,'2024-12-31','Not specified'),
(63,1398,'2024-12-31','Not specified'),
(64,1400,'2024-12-31','Not specified'),
(65,1402,'2024-12-31','Not specified'),
(66,1405,'2024-12-31','Not specified'),
(67,1406,'2024-12-31','Not specified'),
(68,1408,'2024-12-31','Not specified'),
(69,1410,'2024-12-31','Not specified'),
(70,1432,'2024-12-31','Not specified'),
(71,1448,'2024-12-31','Not specified'),
(72,1449,'2024-12-31','Not specified'),
(73,1459,'2024-12-31','Not specified'),
(74,1463,'2024-12-31','Not specified'),
(75,1470,'2024-12-31','Not specified'),
(76,1477,'2024-12-31','Not specified'),
(77,1480,'2024-12-31','Not specified'),
(78,1486,'2024-12-31','Not specified'),
(79,1489,'2024-12-31','Not specified'),
(80,1491,'2024-12-31','Not specified'),
(81,1497,'2024-12-31','Not specified'),
(82,1499,'2024-12-31','Not specified'),
(83,1501,'2024-12-31','Not specified'),
(84,1511,'2024-12-31','Not specified'),
(85,1536,'2024-12-31','Not specified'),
(86,1541,'2024-12-31','Not specified'),
(87,1542,'2024-12-31','Not specified'),
(88,1544,'2024-12-31','Not specified'),
(89,1547,'2024-12-31','Not specified'),
(90,1555,'2024-12-31','Not specified'),
(91,1556,'2024-12-31','Not specified'),
(92,1594,'2024-12-31','Not specified'),
(93,1598,'2024-12-31','Not specified'),
(94,1601,'2024-12-31','Not specified'),
(95,1612,'2024-12-31','Not specified'),
(96,1622,'2024-12-31','Not specified'),
(97,1623,'2024-12-31','Not specified'),
(98,1627,'2024-12-31','Not specified'),
(99,1636,'2024-12-31','Not specified'),
(100,1639,'2024-12-31','Not specified'),
(101,1641,'2024-12-31','Not specified'),
(102,1642,'2024-12-31','Not specified'),
(103,1643,'2024-12-31','Not specified'),
(104,1651,'2024-12-31','Not specified'),
(105,1652,'2024-12-31','Not specified'),
(106,1659,'2024-12-31','Not specified'),
(107,1660,'2024-12-31','Not specified'),
(108,1661,'2024-12-31','Not specified'),
(109,1673,'2024-12-31','Not specified'),
(110,1681,'2024-12-31','Not specified'),
(111,1684,'2024-12-31','Not specified'),
(112,1711,'2024-12-31','Not specified'),
(113,1740,'2024-12-31','Not specified'),
(114,1743,'2024-12-31','Not specified'),
(115,1744,'2024-12-31','Not specified'),
(116,1750,'2024-12-31','Not specified'),
(117,1754,'2024-12-31','Not specified'),
(118,1761,'2024-12-31','Not specified'),
(119,1771,'2024-12-31','Not specified'),
(120,1776,'2024-12-31','Not specified'),
(121,1778,'2024-12-31','Not specified'),
(122,1784,'2024-12-31','Not specified'),
(123,1787,'2024-12-31','Not specified'),
(124,1795,'2024-12-31','Not specified'),
(125,1814,'2024-12-31','Not specified'),
(126,1817,'2024-12-31','Not specified'),
(127,1818,'2024-12-31','Not specified'),
(128,1827,'2024-12-31','Not specified'),
(129,1830,'2024-12-31','Not specified'),
(130,1834,'2024-12-31','Not specified'),
(131,1836,'2024-12-31','Not specified'),
(132,1842,'2024-12-31','Not specified'),
(133,1845,'2024-12-31','Not specified'),
(134,1854,'2024-12-31','Not specified'),
(135,1855,'2024-12-31','Not specified'),
(136,1862,'2024-12-31','Not specified'),
(137,1871,'2024-12-31','Not specified'),
(138,1880,'2024-12-31','Not specified'),
(139,1882,'2024-12-31','Not specified'),
(140,1889,'2024-12-31','Not specified'),
(141,1893,'2024-12-31','Not specified'),
(142,1900,'2024-12-31','Not specified'),
(143,1902,'2024-12-31','Not specified'),
(144,1908,'2024-12-31','Not specified'),
(145,1911,'2024-12-31','Not specified'),
(146,1916,'2024-12-31','Not specified'),
(147,1917,'2024-12-31','Not specified'),
(148,1923,'2024-12-31','Not specified'),
(149,1935,'2024-12-31','Not specified'),
(150,1939,'2024-12-31','Not specified'),
(151,1940,'2024-12-31','Not specified'),
(152,1946,'2024-12-31','Not specified'),
(153,1950,'2024-12-31','Not specified'),
(154,1956,'2024-12-31','Not specified'),
(155,1962,'2024-12-31','Not specified'),
(156,1967,'2024-12-31','Not specified'),
(157,1976,'2024-12-31','Not specified'),
(158,1984,'2024-12-31','Not specified'),
(159,1991,'2024-12-31','Not specified'),
(160,1992,'2024-12-31','Not specified'),
(161,1994,'2024-12-31','Not specified'),
(162,1997,'2024-12-31','Not specified'),
(163,1999,'2024-12-31','Not specified'),
(164,2002,'2024-12-31','Not specified'),
(165,2003,'2024-12-31','Not specified'),
(166,2006,'2024-12-31','Not specified'),
(167,2009,'2024-12-31','Not specified'),
(168,2016,'2024-12-31','Not specified'),
(169,2018,'2024-12-31','Not specified'),
(170,2023,'2024-12-31','Not specified'),
(171,2024,'2024-12-31','Not specified'),
(172,2030,'2024-12-31','Not specified'),
(173,2035,'2024-12-31','Not specified'),
(174,2039,'2024-12-31','Not specified'),
(175,2041,'2024-12-31','Not specified'),
(176,2049,'2024-12-31','Not specified'),
(177,2050,'2024-12-31','Not specified'),
(178,2051,'2024-12-31','Not specified'),
(179,2053,'2024-12-31','Not specified'),
(180,2056,'2024-12-31','Not specified'),
(181,2061,'2024-12-31','Not specified'),
(182,2063,'2024-12-31','Not specified'),
(183,2065,'2024-12-31','Not specified'),
(184,2066,'2024-12-31','Not specified'),
(185,2083,'2024-12-31','Not specified'),
(186,2088,'2024-12-31','Not specified'),
(187,2090,'2024-12-31','Not specified'),
(188,2097,'2024-12-31','Not specified'),
(189,2099,'2024-12-31','Not specified'),
(190,2102,'2024-12-31','Not specified'),
(191,2113,'2024-12-31','Not specified'),
(192,2114,'2024-12-31','Not specified'),
(193,2122,'2024-12-31','Not specified'),
(194,2128,'2024-12-31','Not specified'),
(195,2129,'2024-12-31','Not specified'),
(196,2133,'2024-12-31','Not specified'),
(197,2139,'2024-12-31','Not specified'),
(198,2140,'2024-12-31','Not specified'),
(199,2145,'2024-12-31','Not specified'),
(200,2148,'2024-12-31','Not specified'),
(201,2150,'2024-12-31','Not specified'),
(202,2157,'2024-12-31','Not specified'),
(203,2164,'2024-12-31','Not specified'),
(204,2165,'2024-12-31','Not specified'),
(205,2167,'2024-12-31','Not specified'),
(206,2168,'2024-12-31','Not specified'),
(207,2170,'2024-12-31','Not specified'),
(208,2175,'2024-12-31','Not specified'),
(209,2185,'2024-12-31','Not specified'),
(210,2186,'2024-12-31','Not specified'),
(211,2189,'2024-12-31','Not specified'),
(212,2190,'2024-12-31','Not specified'),
(213,2196,'2024-12-31','Not specified'),
(214,2198,'2024-12-31','Not specified'),
(215,2200,'2024-12-31','Not specified'),
(216,2204,'2024-12-31','Not specified'),
(217,2210,'2024-12-31','Not specified'),
(218,2221,'2024-12-31','Not specified'),
(219,2237,'2024-12-31','Not specified'),
(220,2240,'2024-12-31','Not specified'),
(221,2247,'2024-12-31','Not specified'),
(222,2248,'2024-12-31','Not specified'),
(223,2260,'2024-12-31','Not specified'),
(224,2263,'2024-12-31','Not specified'),
(225,2268,'2024-12-31','Not specified'),
(226,2273,'2024-12-31','Not specified'),
(227,2275,'2024-12-31','Not specified'),
(228,2279,'2024-12-31','Not specified'),
(229,2282,'2024-12-31','Not specified'),
(230,2287,'2024-12-31','Not specified'),
(231,2289,'2024-12-31','Not specified'),
(232,2294,'2024-12-31','Not specified'),
(233,2305,'2024-12-31','Not specified'),
(234,2310,'2024-12-31','Not specified'),
(235,2311,'2024-12-31','Not specified'),
(236,2324,'2024-12-31','Not specified'),
(237,2338,'2024-12-31','Not specified'),
(238,2339,'2024-12-31','Not specified'),
(239,2341,'2024-12-31','Not specified'),
(240,2353,'2024-12-31','Not specified'),
(241,2363,'2024-12-31','Not specified'),
(242,2369,'2024-12-31','Not specified'),
(243,2373,'2024-12-31','Not specified'),
(244,2386,'2024-12-31','Not specified'),
(245,2395,'2024-12-31','Not specified'),
(246,2396,'2024-12-31','Not specified'),
(247,2398,'2024-12-31','Not specified'),
(248,2400,'2024-12-31','Not specified'),
(249,2411,'2024-12-31','Not specified'),
(250,2413,'2024-12-31','Not specified'),
(251,2414,'2024-12-31','Not specified'),
(252,2415,'2024-12-31','Not specified'),
(253,2416,'2024-12-31','Not specified'),
(254,2427,'2024-12-31','Not specified'),
(255,2430,'2024-12-31','Not specified'),
(256,2431,'2024-12-31','Not specified'),
(257,2435,'2024-12-31','Not specified'),
(258,2438,'2024-12-31','Not specified'),
(259,2448,'2024-12-31','Not specified'),
(260,2459,'2024-12-31','Not specified'),
(261,2464,'2024-12-31','Not specified'),
(262,2475,'2024-12-31','Not specified'),
(263,2484,'2024-12-31','Not specified'),
(264,2489,'2024-12-31','Not specified'),
(265,2490,'2024-12-31','Not specified'),
(266,2497,'2024-12-31','Not specified');
/*!40000 ALTER TABLE `attrition_log` ENABLE KEYS */;
UNLOCK TABLES;

--
-- Table structure for table `departments`
--

DROP TABLE IF EXISTS `departments`;
/*!40101 SET @saved_cs_client     = @@character_set_client */;
/*!40101 SET character_set_client = utf8mb4 */;
CREATE TABLE `departments` (
  `department_id` int(11) NOT NULL AUTO_INCREMENT,
  `department_name` varchar(50) NOT NULL,
  PRIMARY KEY (`department_id`),
  UNIQUE KEY `department_name` (`department_name`)
) ENGINE=InnoDB AUTO_INCREMENT=9 DEFAULT CHARSET=utf8mb4 COLLATE=utf8mb4_general_ci;
/*!40101 SET character_set_client = @saved_cs_client */;

--
-- Dumping data for table `departments`
--

LOCK TABLES `departments` WRITE;
/*!40000 ALTER TABLE `departments` DISABLE KEYS */;
INSERT INTO `departments` VALUES
(1,'Customer Support'),
(2,'Engineering'),
(3,'Finance'),
(4,'Human Resources'),
(5,'IT'),
(6,'Marketing'),
(7,'Operations'),
(8,'Sales');
/*!40000 ALTER TABLE `departments` ENABLE KEYS */;
UNLOCK TABLES;

--
-- Table structure for table `education_levels`
--

DROP TABLE IF EXISTS `education_levels`;
/*!40101 SET @saved_cs_client     = @@character_set_client */;
/*!40101 SET character_set_client = utf8mb4 */;
CREATE TABLE `education_levels` (
  `education_id` int(11) NOT NULL AUTO_INCREMENT,
  `education_name` varchar(30) NOT NULL,
  PRIMARY KEY (`education_id`),
  UNIQUE KEY `education_name` (`education_name`)
) ENGINE=InnoDB AUTO_INCREMENT=5 DEFAULT CHARSET=utf8mb4 COLLATE=utf8mb4_general_ci;
/*!40101 SET character_set_client = @saved_cs_client */;

--
-- Dumping data for table `education_levels`
--

LOCK TABLES `education_levels` WRITE;
/*!40000 ALTER TABLE `education_levels` DISABLE KEYS */;
INSERT INTO `education_levels` VALUES
(1,'Bachelor\'s'),
(2,'High School'),
(3,'Master\'s'),
(4,'Phd');
/*!40000 ALTER TABLE `education_levels` ENABLE KEYS */;
UNLOCK TABLES;

--
-- Table structure for table `employees`
--

DROP TABLE IF EXISTS `employees`;
/*!40101 SET @saved_cs_client     = @@character_set_client */;
/*!40101 SET character_set_client = utf8mb4 */;
CREATE TABLE `employees` (
  `employee_id` int(11) NOT NULL,
  `department_id` int(11) NOT NULL,
  `job_role_id` int(11) NOT NULL,
  `education_id` int(11) NOT NULL,
  `gender` enum('Male','Female') NOT NULL,
  `age` tinyint(3) unsigned NOT NULL CHECK (`age` between 18 and 65),
  `marital_status` enum('Single','Married','Divorced') NOT NULL,
  `salary` decimal(10,2) NOT NULL CHECK (`salary` > 0),
  `years_at_company` tinyint(3) unsigned NOT NULL,
  `distance_from_home` tinyint(3) unsigned NOT NULL,
  `overtime` enum('Yes','No') NOT NULL DEFAULT 'No',
  `project_tasks` tinyint(3) unsigned NOT NULL DEFAULT 0,
  `promotion` enum('Yes','No') NOT NULL DEFAULT 'No',
  `attrition` enum('Yes','No') NOT NULL DEFAULT 'No',
  `hire_date` date NOT NULL,
  PRIMARY KEY (`employee_id`),
  KEY `job_role_id` (`job_role_id`),
  KEY `education_id` (`education_id`),
  KEY `idx_emp_department` (`department_id`),
  KEY `idx_emp_attrition` (`attrition`),
  KEY `idx_emp_hire_date` (`hire_date`),
  CONSTRAINT `employees_ibfk_1` FOREIGN KEY (`department_id`) REFERENCES `departments` (`department_id`),
  CONSTRAINT `employees_ibfk_2` FOREIGN KEY (`job_role_id`) REFERENCES `job_roles` (`job_role_id`),
  CONSTRAINT `employees_ibfk_3` FOREIGN KEY (`education_id`) REFERENCES `education_levels` (`education_id`)
) ENGINE=InnoDB DEFAULT CHARSET=utf8mb4 COLLATE=utf8mb4_general_ci;
/*!40101 SET character_set_client = @saved_cs_client */;

--
-- Dumping data for table `employees`
--

LOCK TABLES `employees` WRITE;
/*!40000 ALTER TABLE `employees` DISABLE KEYS */;
INSERT INTO `employees` VALUES
(1001,4,1,1,'Female',39,'Single',55600.00,6,1,'No',13,'Yes','No','2017-05-31'),
(1002,8,2,1,'Male',44,'Divorced',54200.00,6,1,'Yes',9,'No','No','2017-09-12'),
(1003,7,3,2,'Female',37,'Divorced',64700.00,2,7,'No',10,'Yes','No','2021-07-13'),
(1004,4,1,1,'Male',28,'Married',51000.00,2,5,'No',14,'No','No','2021-06-22'),
(1005,4,4,3,'Male',30,'Married',56900.00,4,1,'No',9,'Yes','No','2019-09-08'),
(1006,6,5,3,'Female',43,'Married',69200.00,0,5,'No',11,'No','No','2023-09-16'),
(1007,6,6,3,'Female',42,'Single',68000.00,1,6,'No',12,'No','No','2022-08-16'),
(1008,3,7,3,'Male',42,'Single',113300.00,12,2,'No',5,'Yes','No','2011-03-20'),
(1009,1,8,1,'Female',30,'Married',43000.00,1,1,'Yes',14,'No','Yes','2022-04-01'),
(1010,6,6,3,'Female',42,'Single',76600.00,6,1,'No',9,'No','No','2017-12-09'),
(1011,4,1,3,'Female',37,'Single',54100.00,2,2,'No',16,'No','No','2021-08-26'),
(1012,8,9,1,'Female',26,'Married',102600.00,5,9,'No',11,'No','No','2018-10-14'),
(1013,7,10,3,'Female',38,'Divorced',66000.00,7,5,'No',10,'Yes','No','2016-08-03'),
(1014,3,11,1,'Male',34,'Divorced',58900.00,0,5,'No',16,'No','No','2023-11-05'),
(1015,1,12,1,'Male',33,'Single',63700.00,2,2,'Yes',11,'Yes','No','2021-04-04'),
(1016,2,13,4,'Female',31,'Divorced',168000.00,0,16,'No',16,'No','No','2023-03-31'),
(1017,3,7,4,'Male',30,'Married',138900.00,11,13,'No',10,'Yes','No','2012-12-02'),
(1018,1,8,1,'Female',41,'Single',39700.00,0,15,'No',10,'No','Yes','2023-12-16'),
(1019,1,8,1,'Male',35,'Divorced',40900.00,2,1,'Yes',13,'No','No','2021-05-04'),
(1020,3,14,1,'Female',33,'Married',66200.00,1,28,'No',17,'No','Yes','2022-12-05'),
(1021,4,1,1,'Male',20,'Single',46000.00,1,7,'Yes',9,'Yes','No','2022-09-30'),
(1022,6,15,4,'Male',35,'Divorced',115900.00,1,5,'Yes',10,'No','No','2022-12-25'),
(1023,4,1,1,'Male',45,'Married',53100.00,1,3,'No',17,'Yes','No','2022-06-16'),
(1024,6,15,3,'Male',47,'Divorced',89600.00,3,1,'No',15,'Yes','No','2020-09-12'),
(1025,8,9,2,'Female',35,'Single',67300.00,5,5,'No',14,'No','No','2018-10-14'),
(1026,8,9,1,'Male',23,'Divorced',79900.00,0,1,'No',11,'No','No','2023-03-16'),
(1027,3,7,3,'Female',27,'Divorced',127700.00,9,2,'No',16,'No','No','2014-07-27'),
(1028,3,14,3,'Male',39,'Married',79700.00,4,18,'No',11,'Yes','No','2019-03-20'),
(1029,4,1,1,'Male',37,'Married',49900.00,2,10,'No',14,'No','No','2021-10-13'),
(1030,7,3,4,'Female',45,'Single',88200.00,0,1,'No',15,'No','No','2023-11-09'),
(1031,2,16,1,'Male',37,'Married',110900.00,0,6,'No',16,'No','No','2023-08-19'),
(1032,7,3,3,'Female',46,'Married',88600.00,1,10,'No',7,'No','Yes','2022-10-27'),
(1033,6,5,3,'Female',43,'Single',72700.00,5,1,'Yes',6,'No','No','2018-10-18'),
(1034,8,17,1,'Female',28,'Married',85500.00,1,7,'No',11,'No','No','2022-12-12'),
(1035,1,8,3,'Female',35,'Divorced',51100.00,4,1,'No',8,'No','No','2019-10-15'),
(1036,3,11,3,'Female',43,'Single',76900.00,0,27,'Yes',14,'No','No','2023-06-05'),
(1037,3,14,3,'Male',27,'Single',81700.00,9,1,'No',14,'No','No','2014-05-13'),
(1038,1,12,3,'Female',35,'Divorced',73700.00,5,36,'Yes',8,'No','Yes','2018-08-13'),
(1039,1,12,3,'Female',35,'Single',57500.00,10,9,'Yes',8,'No','No','2013-08-21'),
(1040,8,2,1,'Female',35,'Married',59300.00,1,19,'No',13,'No','No','2022-03-12'),
(1041,3,14,1,'Male',35,'Divorced',75000.00,8,9,'No',12,'No','No','2015-09-25'),
(1042,1,12,3,'Male',35,'Married',67900.00,2,1,'No',8,'No','No','2021-04-17'),
(1043,6,6,1,'Male',55,'Single',59900.00,1,1,'Yes',8,'No','No','2022-10-04'),
(1044,6,15,2,'Male',31,'Married',80500.00,3,1,'No',6,'No','No','2020-05-20'),
(1045,7,10,3,'Male',35,'Divorced',64200.00,3,10,'Yes',12,'No','Yes','2020-07-14'),
(1046,4,1,1,'Female',38,'Single',53700.00,1,1,'Yes',5,'No','No','2022-11-25'),
(1047,7,3,3,'Female',39,'Married',80600.00,2,1,'No',13,'No','No','2021-12-30'),
(1048,4,18,3,'Male',20,'Married',85600.00,2,7,'Yes',18,'No','No','2021-05-13'),
(1049,2,19,4,'Female',21,'Married',119700.00,2,1,'No',11,'No','No','2021-03-27'),
(1050,7,10,1,'Female',51,'Single',51900.00,0,4,'No',11,'No','No','2023-04-28'),
(1051,3,14,3,'Male',49,'Married',73000.00,5,3,'No',12,'Yes','No','2018-09-06'),
(1052,5,20,1,'Male',56,'Married',111500.00,9,7,'No',12,'No','No','2014-06-02'),
(1053,5,20,2,'Female',36,'Divorced',90800.00,2,4,'No',14,'No','Yes','2021-06-16'),
(1054,5,20,1,'Female',35,'Single',107100.00,2,3,'No',12,'No','No','2021-06-16'),
(1055,1,12,3,'Female',29,'Divorced',70300.00,0,7,'No',13,'No','No','2023-12-19'),
(1056,4,4,3,'Male',40,'Married',61600.00,8,13,'No',9,'No','No','2015-06-23'),
(1057,6,15,2,'Male',34,'Divorced',79400.00,2,3,'Yes',18,'No','No','2021-11-27'),
(1058,8,2,1,'Female',31,'Single',56000.00,7,14,'Yes',15,'Yes','No','2016-09-13'),
(1059,7,3,1,'Female',41,'Divorced',67600.00,2,18,'No',10,'Yes','No','2021-07-26'),
(1060,4,4,1,'Male',29,'Married',63500.00,11,4,'No',16,'Yes','No','2012-09-01'),
(1061,4,4,3,'Female',25,'Single',64900.00,5,12,'No',9,'Yes','No','2018-04-05'),
(1062,5,20,1,'Male',34,'Married',98300.00,3,1,'No',15,'No','No','2020-05-11'),
(1063,2,19,1,'Male',38,'Divorced',82900.00,4,1,'No',10,'No','No','2019-05-24'),
(1064,6,15,3,'Female',36,'Married',108900.00,8,23,'Yes',10,'No','Yes','2015-06-23'),
(1065,1,8,1,'Male',28,'Married',47000.00,7,4,'No',10,'No','No','2016-08-14'),
(1066,8,9,2,'Female',34,'Married',66000.00,3,7,'No',15,'No','No','2020-04-25'),
(1067,7,10,1,'Male',34,'Married',56700.00,1,2,'No',12,'No','No','2022-07-09'),
(1068,5,20,1,'Male',43,'Married',118400.00,24,5,'Yes',12,'No','Yes','1999-11-07'),
(1069,2,13,1,'Male',48,'Divorced',127500.00,3,7,'No',11,'No','No','2020-08-03'),
(1070,3,14,2,'Male',43,'Married',59200.00,4,3,'Yes',6,'No','Yes','2019-10-30'),
(1071,7,10,3,'Female',28,'Married',75500.00,10,9,'No',4,'No','No','2013-05-04'),
(1072,4,1,2,'Male',38,'Single',52300.00,8,4,'Yes',17,'No','No','2015-11-21'),
(1073,3,11,1,'Male',45,'Divorced',79500.00,21,7,'Yes',13,'No','No','2002-05-25'),
(1074,6,6,1,'Female',34,'Divorced',70300.00,9,2,'No',8,'No','No','2014-09-17'),
(1075,6,6,1,'Male',35,'Single',69800.00,7,15,'Yes',10,'No','No','2016-08-06'),
(1076,8,2,1,'Male',20,'Single',60000.00,0,8,'No',14,'No','No','2023-09-22'),
(1077,5,21,3,'Male',21,'Single',80900.00,0,5,'Yes',12,'No','Yes','2023-03-16'),
(1078,6,15,3,'Male',48,'Married',107100.00,9,4,'No',12,'Yes','No','2014-12-14'),
(1079,5,20,1,'Male',40,'Divorced',97800.00,6,1,'No',5,'No','No','2017-08-18'),
(1080,8,2,3,'Male',47,'Single',70400.00,2,12,'No',3,'No','No','2021-11-16'),
(1081,7,3,1,'Male',49,'Single',90100.00,9,1,'No',11,'No','No','2014-06-12'),
(1082,8,17,1,'Male',42,'Married',77500.00,1,3,'No',13,'Yes','No','2022-03-30'),
(1083,7,3,1,'Male',23,'Married',67400.00,0,1,'No',7,'Yes','No','2023-03-26'),
(1084,2,16,3,'Male',39,'Divorced',152100.00,2,1,'No',10,'No','Yes','2021-03-25'),
(1085,8,9,1,'Male',30,'Single',70700.00,0,1,'No',6,'No','Yes','2023-04-21'),
(1086,6,6,1,'Female',33,'Married',59800.00,2,12,'Yes',12,'No','No','2021-04-16'),
(1087,2,22,3,'Male',28,'Divorced',121900.00,10,1,'Yes',15,'No','Yes','2013-03-09'),
(1088,7,10,1,'Male',29,'Divorced',53100.00,6,5,'No',7,'No','No','2017-09-02'),
(1089,5,21,1,'Female',21,'Married',74600.00,3,1,'No',15,'No','No','2020-10-16'),
(1090,7,10,4,'Male',26,'Single',75900.00,8,4,'No',12,'No','No','2015-05-15'),
(1091,8,9,3,'Male',20,'Single',87700.00,1,1,'No',7,'No','No','2022-06-12'),
(1092,4,18,3,'Female',29,'Married',75500.00,1,9,'No',15,'No','No','2022-03-30'),
(1093,8,9,3,'Male',34,'Single',89200.00,0,7,'No',10,'Yes','No','2023-11-11'),
(1094,7,10,4,'Female',49,'Single',64700.00,0,6,'No',6,'No','No','2023-04-05'),
(1095,5,20,1,'Female',22,'Divorced',88600.00,0,2,'No',10,'No','No','2023-03-09'),
(1096,2,13,1,'Male',31,'Single',112900.00,1,32,'No',14,'No','No','2022-03-28'),
(1097,2,22,1,'Male',32,'Divorced',110400.00,14,13,'No',9,'No','No','2009-08-03'),
(1098,3,14,1,'Female',30,'Married',75900.00,5,2,'No',18,'No','No','2018-06-14'),
(1099,6,5,3,'Female',29,'Single',66700.00,1,5,'No',10,'No','No','2022-08-08'),
(1100,3,7,1,'Female',32,'Married',92400.00,4,5,'No',13,'No','No','2019-10-24'),
(1101,4,4,1,'Female',29,'Divorced',47700.00,2,1,'No',9,'No','No','2021-07-18'),
(1102,5,21,3,'Male',41,'Married',88400.00,5,4,'No',21,'No','No','2018-08-24'),
(1103,7,3,1,'Female',40,'Single',89100.00,8,1,'Yes',12,'No','No','2015-06-14'),
(1104,1,8,2,'Female',35,'Married',34500.00,0,14,'No',18,'No','No','2023-06-20'),
(1105,1,8,1,'Female',38,'Divorced',39800.00,1,1,'No',14,'No','No','2022-05-09'),
(1106,6,6,1,'Male',44,'Married',58900.00,3,13,'No',15,'Yes','No','2020-04-01'),
(1107,2,19,3,'Male',20,'Divorced',96700.00,2,11,'No',5,'Yes','No','2021-06-03'),
(1108,4,18,4,'Female',35,'Divorced',103600.00,11,7,'No',12,'No','No','2012-07-02'),
(1109,4,4,4,'Male',21,'Single',68800.00,0,7,'No',15,'Yes','No','2023-05-14'),
(1110,4,4,3,'Male',35,'Single',59100.00,7,10,'No',8,'Yes','No','2016-03-19'),
(1111,3,11,3,'Female',35,'Single',88800.00,7,3,'No',17,'No','No','2017-01-01'),
(1112,6,5,1,'Female',30,'Single',54900.00,0,8,'No',15,'Yes','Yes','2023-09-02'),
(1113,1,8,2,'Male',38,'Divorced',37200.00,1,1,'Yes',12,'No','Yes','2022-06-30'),
(1114,4,18,4,'Male',42,'Divorced',93000.00,2,7,'No',22,'No','No','2021-12-01'),
(1115,7,3,1,'Male',35,'Married',84900.00,5,9,'Yes',13,'No','Yes','2018-11-30'),
(1116,2,16,3,'Female',24,'Married',142900.00,4,20,'No',12,'No','No','2019-05-27'),
(1117,4,4,3,'Male',26,'Divorced',68800.00,8,1,'No',22,'No','No','2015-09-09'),
(1118,5,23,1,'Female',39,'Married',63800.00,2,1,'No',9,'No','No','2021-10-15'),
(1119,7,10,2,'Male',25,'Divorced',53000.00,3,3,'No',17,'No','No','2020-03-07'),
(1120,1,8,3,'Male',27,'Married',47700.00,3,1,'No',11,'No','No','2020-07-26'),
(1121,1,8,1,'Female',20,'Single',42100.00,2,6,'No',7,'No','No','2021-11-04'),
(1122,6,6,1,'Male',39,'Divorced',66900.00,16,45,'No',11,'Yes','No','2007-08-22'),
(1123,8,2,3,'Male',58,'Married',66400.00,0,1,'Yes',11,'No','No','2023-06-10'),
(1124,4,1,4,'Female',36,'Divorced',59900.00,1,1,'Yes',7,'No','Yes','2022-06-26'),
(1125,6,6,4,'Male',32,'Single',77900.00,3,4,'Yes',7,'Yes','No','2020-11-21'),
(1126,6,15,1,'Female',36,'Married',88400.00,1,2,'Yes',14,'No','No','2022-11-06'),
(1127,6,6,1,'Female',25,'Single',54000.00,0,10,'Yes',11,'Yes','No','2023-09-19'),
(1128,6,5,3,'Female',35,'Single',64100.00,1,1,'Yes',11,'No','No','2022-06-21'),
(1129,3,7,3,'Male',24,'Married',99300.00,0,10,'No',12,'Yes','Yes','2023-11-23'),
(1130,1,12,3,'Female',37,'Single',72000.00,2,18,'No',8,'No','No','2021-05-11'),
(1131,1,8,1,'Male',37,'Married',46700.00,2,13,'No',7,'No','No','2021-07-12'),
(1132,3,14,2,'Female',27,'Divorced',61300.00,2,4,'No',6,'No','No','2021-10-18'),
(1133,3,11,1,'Male',20,'Divorced',71900.00,1,11,'Yes',15,'No','No','2022-05-09'),
(1134,7,3,3,'Female',34,'Single',92400.00,8,2,'No',14,'No','No','2015-12-06'),
(1135,1,8,1,'Male',36,'Married',53600.00,18,1,'Yes',5,'No','No','2005-04-21'),
(1136,5,23,4,'Female',39,'Single',96500.00,4,1,'No',14,'No','No','2019-07-22'),
(1137,7,10,1,'Female',37,'Married',56900.00,4,1,'No',11,'No','No','2019-12-13'),
(1138,3,7,1,'Male',42,'Single',94100.00,2,7,'No',12,'No','No','2021-07-12'),
(1139,8,9,2,'Female',29,'Divorced',68300.00,1,10,'No',14,'No','Yes','2022-10-17'),
(1140,1,8,1,'Female',20,'Divorced',44700.00,2,1,'No',12,'No','No','2021-11-19'),
(1141,6,6,3,'Male',29,'Divorced',71100.00,3,3,'No',10,'No','No','2020-04-07'),
(1142,4,4,1,'Female',37,'Married',52300.00,0,4,'Yes',11,'No','Yes','2023-04-28'),
(1143,3,11,1,'Female',41,'Single',75600.00,8,2,'No',4,'No','No','2015-04-09'),
(1144,8,9,3,'Male',45,'Married',95900.00,0,6,'Yes',11,'No','Yes','2023-10-09'),
(1145,7,10,3,'Male',38,'Married',69100.00,8,9,'No',10,'No','No','2015-09-06'),
(1146,3,14,3,'Female',40,'Single',73800.00,3,1,'No',12,'No','No','2020-05-10'),
(1147,6,15,1,'Male',25,'Single',98200.00,7,23,'No',16,'No','Yes','2016-05-01'),
(1148,1,8,1,'Female',34,'Single',45900.00,9,1,'No',14,'No','No','2014-10-20'),
(1149,5,21,1,'Female',36,'Married',73200.00,2,1,'No',13,'No','No','2021-06-24'),
(1150,3,14,1,'Female',20,'Single',64500.00,2,7,'No',13,'No','No','2021-10-23'),
(1151,8,17,1,'Female',35,'Divorced',97500.00,13,45,'No',16,'No','No','2010-12-26'),
(1152,6,5,1,'Female',28,'Divorced',59500.00,2,33,'No',13,'Yes','No','2021-10-31'),
(1153,8,2,3,'Male',30,'Single',68200.00,2,2,'No',10,'No','No','2021-04-13'),
(1154,3,7,1,'Male',27,'Single',88600.00,1,9,'No',7,'No','No','2022-04-08'),
(1155,1,8,1,'Female',43,'Divorced',50500.00,14,7,'No',16,'No','No','2009-06-20'),
(1156,1,12,1,'Female',49,'Single',58100.00,3,1,'No',9,'No','No','2020-07-15'),
(1157,2,22,1,'Male',29,'Divorced',93000.00,0,17,'No',10,'No','No','2023-10-24'),
(1158,4,4,1,'Female',24,'Single',56600.00,6,2,'No',10,'No','No','2017-07-28'),
(1159,5,20,2,'Male',36,'Married',79200.00,4,1,'No',10,'No','No','2019-07-17'),
(1160,6,5,1,'Female',40,'Married',62500.00,0,6,'No',16,'No','No','2023-04-22'),
(1161,7,3,1,'Female',33,'Divorced',71400.00,2,10,'No',8,'No','No','2021-10-01'),
(1162,6,15,1,'Male',34,'Married',85400.00,1,7,'No',8,'No','No','2022-07-06'),
(1163,7,10,4,'Female',30,'Married',73600.00,5,2,'Yes',12,'No','No','2018-11-25'),
(1164,5,23,3,'Male',37,'Single',79200.00,5,14,'Yes',14,'No','No','2018-12-16'),
(1165,2,22,3,'Male',44,'Divorced',108900.00,4,1,'Yes',10,'No','Yes','2019-06-27'),
(1166,1,12,3,'Female',27,'Married',68700.00,6,5,'No',13,'No','No','2017-12-20'),
(1167,2,19,4,'Male',36,'Married',111500.00,4,8,'No',17,'No','Yes','2019-04-26'),
(1168,3,11,2,'Male',36,'Divorced',61600.00,0,3,'No',12,'No','Yes','2023-07-22'),
(1169,1,8,1,'Male',40,'Single',45700.00,0,9,'No',11,'No','No','2023-06-30'),
(1170,3,11,3,'Female',31,'Married',74400.00,6,7,'Yes',15,'No','No','2017-03-26'),
(1171,2,22,1,'Male',29,'Married',85000.00,7,1,'No',11,'No','No','2016-11-26'),
(1172,2,16,1,'Female',20,'Married',127100.00,2,45,'Yes',10,'No','No','2021-03-07'),
(1173,2,13,4,'Male',21,'Single',163800.00,0,9,'No',16,'No','Yes','2023-09-08'),
(1174,1,12,1,'Female',46,'Divorced',65100.00,1,23,'Yes',7,'No','No','2022-11-15'),
(1175,2,13,3,'Male',51,'Married',134600.00,2,33,'No',15,'No','No','2021-12-18'),
(1176,4,1,3,'Female',33,'Single',55000.00,1,3,'No',11,'No','No','2022-04-22'),
(1177,6,6,1,'Female',34,'Divorced',67400.00,16,16,'No',14,'No','No','2007-10-17'),
(1178,7,3,1,'Male',41,'Married',86900.00,9,1,'No',13,'No','No','2014-07-11'),
(1179,5,21,1,'Female',36,'Single',74900.00,7,1,'No',13,'No','No','2016-11-14'),
(1180,8,17,3,'Female',28,'Single',85700.00,2,6,'No',11,'No','No','2021-09-26'),
(1181,2,19,1,'Female',42,'Married',85500.00,1,1,'Yes',11,'No','No','2022-08-31'),
(1182,3,7,2,'Male',28,'Divorced',87300.00,3,15,'No',7,'Yes','No','2020-11-07'),
(1183,5,21,3,'Female',26,'Married',87100.00,1,1,'Yes',21,'No','Yes','2022-06-30'),
(1184,6,5,1,'Male',34,'Divorced',64000.00,6,3,'No',12,'No','No','2017-06-15'),
(1185,1,12,1,'Male',25,'Divorced',64700.00,4,12,'No',10,'Yes','No','2019-10-24'),
(1186,1,12,1,'Male',30,'Single',60400.00,0,16,'No',13,'Yes','No','2023-08-01'),
(1187,1,12,1,'Female',43,'Married',64400.00,2,1,'No',12,'No','No','2021-07-28'),
(1188,8,9,4,'Male',43,'Divorced',111000.00,8,10,'No',20,'No','No','2015-10-08'),
(1189,5,21,1,'Female',29,'Divorced',73800.00,10,29,'Yes',7,'Yes','Yes','2013-10-18'),
(1190,5,20,1,'Male',30,'Married',108500.00,7,10,'No',11,'Yes','No','2016-10-24'),
(1191,3,7,3,'Male',35,'Married',110000.00,1,1,'No',16,'No','No','2022-03-28'),
(1192,1,12,1,'Female',34,'Divorced',67200.00,6,3,'No',8,'No','No','2017-08-08'),
(1193,3,7,1,'Female',37,'Divorced',98000.00,2,5,'Yes',5,'No','Yes','2021-06-21'),
(1194,5,23,3,'Female',29,'Married',89700.00,4,7,'No',6,'No','No','2019-08-24'),
(1195,7,10,1,'Male',29,'Divorced',61300.00,6,1,'Yes',13,'No','Yes','2017-09-02'),
(1196,3,11,1,'Female',32,'Single',64500.00,3,5,'Yes',16,'No','No','2020-10-23'),
(1197,8,9,1,'Female',45,'Married',75300.00,0,27,'No',15,'No','Yes','2023-07-21'),
(1198,6,6,3,'Male',23,'Single',71400.00,1,1,'No',10,'No','No','2022-10-04'),
(1199,5,21,2,'Female',35,'Married',67200.00,2,4,'Yes',14,'No','No','2021-08-06'),
(1200,8,2,3,'Male',22,'Married',62600.00,4,5,'No',16,'No','No','2019-04-25'),
(1201,2,19,3,'Male',38,'Divorced',111200.00,4,1,'No',10,'No','No','2019-07-14'),
(1202,6,6,1,'Female',30,'Divorced',58400.00,0,21,'No',7,'No','No','2023-11-18'),
(1203,5,20,4,'Male',35,'Single',115100.00,0,34,'Yes',12,'No','Yes','2023-08-18'),
(1204,1,12,3,'Female',39,'Married',77100.00,10,8,'No',23,'Yes','No','2013-07-30'),
(1205,2,19,4,'Female',44,'Married',116000.00,1,28,'No',13,'No','No','2022-06-27'),
(1206,3,11,1,'Female',29,'Divorced',71900.00,2,14,'No',8,'No','No','2021-04-01'),
(1207,3,11,3,'Female',36,'Divorced',80000.00,3,16,'No',10,'Yes','No','2020-03-19'),
(1208,4,1,4,'Female',35,'Divorced',80600.00,13,8,'Yes',14,'No','No','2010-11-06'),
(1209,3,7,2,'Female',49,'Single',84500.00,0,45,'No',16,'No','No','2023-12-03'),
(1210,7,3,1,'Female',32,'Divorced',81500.00,7,4,'Yes',13,'No','Yes','2016-12-01'),
(1211,8,2,1,'Female',45,'Single',64800.00,8,12,'No',17,'No','No','2015-06-02'),
(1212,1,12,4,'Male',32,'Single',77100.00,0,9,'No',5,'No','No','2023-07-07'),
(1213,4,1,1,'Female',26,'Single',49500.00,1,2,'No',12,'No','No','2022-05-09'),
(1214,5,20,1,'Male',28,'Single',104800.00,5,15,'Yes',9,'No','No','2018-11-06'),
(1215,8,9,3,'Male',20,'Single',85700.00,0,3,'Yes',17,'No','Yes','2023-05-18'),
(1216,8,2,1,'Female',20,'Single',57900.00,2,10,'No',14,'No','No','2021-08-06'),
(1217,3,7,3,'Female',41,'Married',115300.00,1,1,'Yes',11,'No','No','2022-04-10'),
(1218,3,14,2,'Male',39,'Divorced',58300.00,0,2,'No',8,'No','No','2023-04-23'),
(1219,8,17,3,'Female',36,'Married',91900.00,1,10,'No',9,'No','No','2022-09-29'),
(1220,7,10,1,'Female',20,'Married',48700.00,0,5,'No',14,'No','No','2023-03-22'),
(1221,2,19,1,'Male',29,'Married',85700.00,4,26,'No',17,'No','Yes','2019-09-27'),
(1222,8,17,3,'Male',34,'Single',84100.00,3,7,'Yes',12,'No','No','2020-03-21'),
(1223,3,14,4,'Male',35,'Single',80800.00,1,7,'Yes',16,'No','Yes','2022-05-01'),
(1224,3,7,1,'Female',32,'Divorced',102900.00,11,2,'No',9,'No','No','2012-07-04'),
(1225,6,15,3,'Male',32,'Divorced',92300.00,5,7,'No',20,'No','No','2018-06-27'),
(1226,1,12,3,'Male',23,'Single',70800.00,0,1,'Yes',13,'No','No','2023-06-02'),
(1227,6,5,1,'Male',35,'Single',62100.00,4,2,'No',17,'No','No','2019-08-24'),
(1228,7,3,3,'Male',20,'Single',94600.00,2,4,'No',8,'No','No','2021-03-30'),
(1229,8,9,3,'Male',50,'Divorced',104500.00,5,1,'Yes',13,'Yes','Yes','2018-09-06'),
(1230,4,4,1,'Male',30,'Single',50600.00,4,3,'No',9,'No','No','2019-04-30'),
(1231,7,10,3,'Male',35,'Divorced',63400.00,0,2,'No',16,'No','No','2023-04-19'),
(1232,5,21,2,'Male',35,'Single',66200.00,5,8,'No',7,'No','No','2018-06-13'),
(1233,4,18,1,'Female',50,'Divorced',66700.00,3,6,'Yes',8,'No','No','2020-12-16'),
(1234,4,18,3,'Male',40,'Single',77300.00,3,3,'No',10,'No','Yes','2020-07-16'),
(1235,4,4,1,'Female',44,'Divorced',56600.00,13,4,'No',12,'Yes','No','2010-11-27'),
(1236,6,6,2,'Female',42,'Married',59500.00,9,11,'Yes',12,'Yes','No','2014-06-14'),
(1237,4,18,1,'Male',36,'Married',80600.00,7,1,'No',7,'No','No','2016-10-23'),
(1238,4,4,1,'Female',26,'Single',47300.00,2,2,'No',14,'No','No','2021-06-12'),
(1239,1,8,3,'Female',25,'Single',51400.00,4,20,'No',13,'No','No','2019-03-09'),
(1240,5,21,1,'Female',34,'Single',72700.00,9,16,'Yes',16,'No','Yes','2014-10-17'),
(1241,5,23,2,'Male',37,'Married',65000.00,7,1,'No',7,'Yes','No','2016-09-29'),
(1242,5,23,1,'Male',31,'Single',70800.00,5,13,'No',12,'No','Yes','2018-07-20'),
(1243,5,21,1,'Male',34,'Divorced',75900.00,4,1,'No',1,'No','No','2019-10-08'),
(1244,5,21,1,'Male',35,'Single',66200.00,0,4,'Yes',12,'No','Yes','2023-11-23'),
(1245,1,12,3,'Female',35,'Divorced',64200.00,2,8,'Yes',14,'No','Yes','2021-06-13'),
(1246,1,12,1,'Female',23,'Divorced',58800.00,5,42,'No',11,'No','Yes','2018-09-22'),
(1247,7,3,1,'Male',36,'Divorced',87600.00,18,1,'No',10,'No','No','2005-09-03'),
(1248,1,12,3,'Male',28,'Divorced',70200.00,0,45,'Yes',9,'No','No','2023-03-26'),
(1249,8,9,3,'Male',38,'Married',92100.00,1,5,'No',7,'No','Yes','2022-06-06'),
(1250,7,10,1,'Female',33,'Divorced',59200.00,10,4,'No',7,'No','No','2013-05-03'),
(1251,5,20,4,'Male',39,'Divorced',123400.00,7,4,'Yes',10,'No','No','2016-04-03'),
(1252,4,1,3,'Female',34,'Divorced',61400.00,1,1,'No',7,'No','No','2022-06-11'),
(1253,1,12,2,'Male',34,'Divorced',53400.00,0,4,'No',7,'No','No','2023-05-18'),
(1254,1,12,3,'Male',35,'Single',71900.00,1,4,'No',10,'Yes','Yes','2022-06-03'),
(1255,4,1,3,'Female',48,'Married',73100.00,11,12,'No',16,'No','No','2012-05-05'),
(1256,4,18,1,'Female',24,'Single',68600.00,2,8,'No',15,'No','Yes','2021-11-07'),
(1257,2,13,3,'Male',41,'Married',150500.00,5,1,'No',7,'No','No','2018-09-30'),
(1258,2,19,3,'Male',35,'Married',106800.00,6,1,'No',12,'No','No','2017-09-19'),
(1259,6,6,2,'Female',31,'Divorced',47100.00,0,25,'Yes',8,'No','Yes','2023-08-20'),
(1260,7,3,3,'Female',46,'Married',82400.00,1,1,'No',16,'Yes','No','2022-08-02'),
(1261,4,4,1,'Male',45,'Single',45900.00,1,1,'No',14,'No','Yes','2022-10-23'),
(1262,5,23,3,'Male',46,'Divorced',75800.00,2,11,'No',8,'Yes','No','2021-08-07'),
(1263,2,13,1,'Male',39,'Married',130200.00,0,12,'No',17,'No','No','2023-06-19'),
(1264,7,3,1,'Female',51,'Married',84300.00,6,3,'Yes',13,'No','No','2017-09-12'),
(1265,6,5,1,'Male',25,'Married',61100.00,2,22,'No',10,'No','No','2021-04-15'),
(1266,4,4,3,'Male',32,'Married',62900.00,1,13,'No',15,'No','No','2022-05-21'),
(1267,3,14,3,'Male',33,'Married',81900.00,7,14,'No',15,'Yes','Yes','2016-11-19'),
(1268,7,10,1,'Female',41,'Divorced',52300.00,5,22,'No',12,'No','No','2018-05-28'),
(1269,2,13,3,'Female',38,'Divorced',144500.00,8,5,'No',13,'No','No','2015-07-22'),
(1270,6,15,4,'Female',41,'Divorced',112300.00,3,6,'No',12,'No','No','2020-06-05'),
(1271,8,17,1,'Female',41,'Single',87100.00,5,1,'Yes',10,'Yes','No','2018-06-15'),
(1272,7,10,1,'Female',34,'Married',55200.00,1,1,'Yes',10,'No','No','2022-06-09'),
(1273,6,6,1,'Female',50,'Married',57600.00,4,3,'No',13,'No','No','2019-11-16'),
(1274,7,3,3,'Female',48,'Married',88100.00,0,1,'No',7,'No','No','2023-08-09'),
(1275,1,8,1,'Female',41,'Divorced',55000.00,23,4,'No',14,'No','Yes','2000-05-16'),
(1276,8,2,1,'Female',38,'Married',57000.00,4,1,'Yes',8,'Yes','No','2019-08-01'),
(1277,2,16,1,'Male',21,'Divorced',114200.00,3,7,'No',20,'No','Yes','2020-07-29'),
(1278,3,14,3,'Female',32,'Married',75900.00,0,7,'Yes',19,'No','No','2023-05-19'),
(1279,8,2,3,'Female',44,'Married',68400.00,1,5,'No',16,'Yes','No','2022-11-17'),
(1280,4,1,3,'Male',29,'Single',66300.00,6,1,'No',15,'Yes','No','2017-03-20'),
(1281,8,9,1,'Female',28,'Divorced',72700.00,0,7,'No',12,'No','No','2023-05-20'),
(1282,3,11,1,'Female',40,'Divorced',68800.00,2,4,'No',13,'No','No','2021-10-22'),
(1283,3,14,1,'Female',31,'Divorced',70100.00,4,1,'No',6,'No','No','2019-08-01'),
(1284,3,7,1,'Female',24,'Divorced',82300.00,0,5,'Yes',15,'No','No','2023-04-23'),
(1285,5,21,3,'Male',37,'Single',78300.00,1,16,'No',10,'No','No','2022-03-16'),
(1286,5,23,1,'Male',38,'Single',75500.00,8,1,'Yes',11,'No','Yes','2015-12-14'),
(1287,8,17,3,'Male',34,'Married',95400.00,2,11,'No',13,'No','No','2021-04-01'),
(1288,2,16,2,'Male',25,'Single',112500.00,0,1,'No',12,'No','No','2023-11-29'),
(1289,6,6,4,'Male',34,'Single',72700.00,1,18,'Yes',8,'No','No','2022-12-04'),
(1290,6,6,3,'Female',26,'Divorced',73000.00,7,1,'Yes',11,'No','Yes','2016-07-09'),
(1291,6,5,3,'Male',20,'Divorced',74200.00,2,1,'No',12,'Yes','No','2021-05-27'),
(1292,6,6,3,'Male',35,'Single',76900.00,4,2,'No',9,'Yes','No','2019-03-18'),
(1293,2,16,3,'Male',42,'Divorced',140700.00,1,4,'No',12,'No','No','2022-12-10'),
(1294,8,2,1,'Male',38,'Single',52300.00,2,2,'No',9,'No','No','2021-06-01'),
(1295,3,14,4,'Male',36,'Single',81500.00,3,15,'No',10,'No','No','2020-12-06'),
(1296,2,13,4,'Female',36,'Single',170100.00,6,5,'No',8,'No','No','2017-07-27'),
(1297,1,8,2,'Male',38,'Divorced',38800.00,3,8,'No',9,'No','No','2020-06-27'),
(1298,7,10,1,'Female',35,'Single',57700.00,3,12,'Yes',11,'Yes','No','2020-07-08'),
(1299,8,17,3,'Male',29,'Divorced',85500.00,0,11,'No',6,'No','No','2023-06-01'),
(1300,7,10,1,'Female',35,'Single',64300.00,10,4,'No',14,'No','No','2013-06-27'),
(1301,7,10,1,'Female',42,'Married',54300.00,3,1,'Yes',16,'No','No','2020-10-27'),
(1302,3,14,1,'Male',39,'Divorced',70600.00,2,12,'No',12,'No','No','2021-09-04'),
(1303,4,1,3,'Male',51,'Single',62200.00,7,19,'Yes',7,'No','No','2016-04-03'),
(1304,1,8,1,'Male',36,'Single',47800.00,5,18,'Yes',10,'No','No','2018-12-13'),
(1305,3,14,3,'Male',31,'Married',81800.00,1,8,'No',11,'No','No','2022-10-04'),
(1306,8,17,3,'Female',24,'Single',86000.00,4,5,'No',12,'Yes','No','2019-12-27'),
(1307,8,2,3,'Male',34,'Divorced',81100.00,16,8,'No',7,'No','No','2007-11-28'),
(1308,8,2,3,'Male',32,'Single',64000.00,0,17,'No',12,'No','No','2023-12-11'),
(1309,7,10,3,'Male',36,'Married',65000.00,1,13,'No',19,'No','No','2022-07-04'),
(1310,3,11,1,'Male',38,'Divorced',79800.00,1,3,'No',17,'No','Yes','2022-06-05'),
(1311,7,10,1,'Male',46,'Divorced',50100.00,2,9,'No',9,'No','No','2021-03-29'),
(1312,8,17,1,'Female',31,'Married',78500.00,2,7,'No',17,'No','No','2021-08-16'),
(1313,2,22,1,'Male',43,'Married',97300.00,3,8,'Yes',13,'No','No','2020-03-08'),
(1314,3,11,3,'Male',27,'Divorced',78700.00,1,14,'Yes',14,'No','No','2022-06-17'),
(1315,1,8,3,'Male',42,'Divorced',52100.00,5,2,'No',16,'No','No','2018-07-06'),
(1316,2,13,3,'Female',23,'Divorced',158000.00,5,8,'No',14,'Yes','No','2018-09-05'),
(1317,3,11,2,'Male',38,'Single',63600.00,5,1,'No',5,'Yes','No','2018-07-21'),
(1318,8,2,3,'Male',20,'Single',65800.00,2,1,'No',11,'No','No','2021-06-24'),
(1319,5,20,1,'Male',30,'Single',112400.00,6,2,'No',10,'No','No','2017-04-28'),
(1320,1,8,3,'Female',41,'Divorced',59900.00,12,2,'No',9,'No','No','2011-10-07'),
(1321,5,23,1,'Female',38,'Single',64500.00,0,1,'No',4,'No','No','2023-03-17'),
(1322,8,2,4,'Female',32,'Single',72700.00,4,1,'No',8,'No','No','2019-07-17'),
(1323,4,1,1,'Male',43,'Single',54600.00,11,1,'No',14,'No','No','2012-07-16'),
(1324,7,10,1,'Male',29,'Married',52900.00,0,14,'No',12,'Yes','No','2023-05-22'),
(1325,5,21,1,'Female',26,'Divorced',73600.00,0,8,'No',14,'No','No','2023-03-12'),
(1326,3,11,3,'Male',59,'Single',74200.00,2,7,'No',10,'No','No','2021-10-06'),
(1327,5,21,1,'Female',33,'Single',74000.00,4,7,'No',7,'No','No','2019-12-18'),
(1328,5,20,3,'Male',42,'Single',105400.00,3,8,'No',2,'No','No','2020-03-24'),
(1329,6,6,1,'Male',35,'Divorced',63300.00,6,8,'No',11,'Yes','No','2018-01-01'),
(1330,5,21,3,'Male',33,'Single',80100.00,2,1,'Yes',3,'No','No','2021-11-21'),
(1331,7,10,1,'Male',21,'Divorced',53000.00,1,1,'Yes',16,'No','No','2022-06-26'),
(1332,5,23,2,'Male',29,'Married',65000.00,4,4,'Yes',11,'Yes','No','2019-11-14'),
(1333,4,4,1,'Male',36,'Divorced',48500.00,0,5,'Yes',11,'No','Yes','2023-04-09'),
(1334,5,20,4,'Female',35,'Single',148200.00,6,4,'No',9,'No','No','2017-12-16'),
(1335,2,22,1,'Female',35,'Single',91300.00,2,7,'No',15,'Yes','No','2021-05-30'),
(1336,4,4,4,'Male',30,'Divorced',81600.00,12,9,'Yes',9,'No','No','2011-12-01'),
(1337,4,18,3,'Male',32,'Divorced',81900.00,3,1,'No',18,'No','No','2020-03-07'),
(1338,5,21,1,'Male',30,'Single',62300.00,0,8,'No',11,'Yes','No','2023-08-08'),
(1339,1,12,3,'Male',25,'Married',64700.00,4,8,'Yes',12,'Yes','No','2019-06-11'),
(1340,8,17,1,'Female',41,'Divorced',81100.00,10,1,'No',9,'No','No','2013-07-15'),
(1341,6,15,1,'Male',34,'Single',82200.00,1,6,'No',4,'No','No','2022-05-20'),
(1342,1,12,3,'Female',41,'Married',76000.00,6,4,'Yes',15,'No','No','2017-04-13'),
(1343,1,8,1,'Male',24,'Divorced',45100.00,1,4,'No',14,'No','No','2022-03-16'),
(1344,8,2,3,'Male',39,'Single',77800.00,9,6,'Yes',9,'No','Yes','2014-09-24'),
(1345,6,15,1,'Female',46,'Single',91800.00,6,3,'No',10,'No','No','2017-05-19'),
(1346,2,19,1,'Female',24,'Married',91600.00,0,1,'No',10,'No','No','2023-06-18'),
(1347,8,2,3,'Female',46,'Single',59600.00,2,4,'No',16,'No','No','2021-06-06'),
(1348,8,9,4,'Male',24,'Divorced',103200.00,4,1,'No',10,'No','No','2019-07-30'),
(1349,6,15,3,'Female',30,'Single',106600.00,3,3,'No',7,'No','No','2020-06-12'),
(1350,4,1,3,'Male',31,'Married',60400.00,0,18,'No',10,'No','No','2023-11-07'),
(1351,7,10,1,'Male',41,'Married',58700.00,4,33,'Yes',5,'No','No','2019-08-03'),
(1352,3,11,1,'Male',21,'Divorced',67500.00,2,6,'No',7,'No','No','2021-12-19'),
(1353,7,3,1,'Male',40,'Single',72000.00,2,2,'No',6,'No','No','2021-07-10'),
(1354,3,7,3,'Male',27,'Divorced',120100.00,9,1,'No',4,'Yes','No','2014-03-24'),
(1355,2,16,1,'Male',53,'Divorced',121900.00,3,40,'No',13,'No','Yes','2020-07-14'),
(1356,4,1,3,'Male',43,'Married',62400.00,4,1,'No',6,'No','No','2019-11-03'),
(1357,7,10,3,'Female',58,'Single',66300.00,1,19,'No',13,'Yes','No','2022-06-20'),
(1358,6,15,3,'Male',50,'Single',99500.00,10,12,'No',13,'No','No','2013-05-14'),
(1359,2,16,1,'Female',40,'Married',133900.00,14,4,'No',11,'No','Yes','2010-01-02'),
(1360,7,3,3,'Male',38,'Single',96700.00,9,1,'No',8,'Yes','No','2014-05-26'),
(1361,5,23,1,'Male',29,'Divorced',71000.00,3,6,'Yes',16,'Yes','Yes','2020-07-21'),
(1362,3,11,3,'Female',31,'Divorced',83800.00,7,17,'No',11,'Yes','No','2016-04-20'),
(1363,6,5,2,'Male',40,'Married',60100.00,4,1,'No',19,'Yes','No','2019-10-26'),
(1364,1,12,1,'Male',32,'Married',66600.00,6,3,'Yes',9,'No','No','2017-09-16'),
(1365,8,9,1,'Male',29,'Single',85300.00,1,1,'No',9,'No','No','2022-12-08'),
(1366,8,9,3,'Male',42,'Single',92800.00,0,1,'No',14,'No','No','2023-05-04'),
(1367,2,13,1,'Female',42,'Divorced',154900.00,5,14,'Yes',8,'No','No','2018-10-24'),
(1368,5,21,3,'Male',36,'Single',74800.00,3,1,'No',5,'No','No','2020-04-09'),
(1369,3,14,1,'Female',27,'Married',79300.00,8,1,'No',12,'No','No','2015-09-05'),
(1370,8,2,4,'Female',40,'Divorced',66400.00,1,9,'No',12,'No','No','2022-11-24'),
(1371,4,18,1,'Female',20,'Married',67900.00,1,13,'No',11,'Yes','Yes','2022-12-12'),
(1372,6,15,1,'Female',41,'Single',91200.00,11,8,'No',11,'Yes','No','2012-10-25'),
(1373,2,16,1,'Male',35,'Divorced',126200.00,2,1,'Yes',12,'Yes','No','2021-06-10'),
(1374,5,23,1,'Male',44,'Married',71200.00,2,9,'No',12,'Yes','No','2021-12-02'),
(1375,2,22,3,'Male',42,'Divorced',116100.00,8,6,'No',7,'No','No','2015-12-20'),
(1376,2,19,1,'Female',35,'Single',89600.00,7,1,'Yes',11,'Yes','No','2016-04-09'),
(1377,3,7,1,'Female',30,'Divorced',95600.00,6,1,'Yes',9,'Yes','No','2017-07-09'),
(1378,5,21,3,'Female',35,'Single',82700.00,1,1,'Yes',16,'No','No','2022-05-06'),
(1379,7,10,1,'Male',22,'Married',53100.00,4,12,'Yes',11,'No','No','2019-06-10'),
(1380,3,11,3,'Male',43,'Married',86000.00,12,3,'No',19,'No','No','2011-12-26'),
(1381,4,18,3,'Male',47,'Single',75100.00,0,9,'No',12,'No','No','2023-04-16'),
(1382,3,7,4,'Female',35,'Single',142500.00,7,1,'No',16,'No','No','2016-05-05'),
(1383,1,12,3,'Male',40,'Married',65700.00,0,25,'No',1,'No','No','2023-03-27'),
(1384,1,8,1,'Male',35,'Divorced',41300.00,3,1,'No',6,'No','No','2020-09-23'),
(1385,3,11,1,'Female',30,'Single',77900.00,8,1,'No',10,'No','No','2015-11-01'),
(1386,7,3,4,'Female',53,'Married',102600.00,10,2,'Yes',18,'No','No','2013-05-27'),
(1387,7,10,1,'Female',38,'Single',54600.00,6,8,'No',18,'No','No','2017-04-19'),
(1388,5,23,4,'Female',28,'Married',96700.00,1,1,'No',6,'No','No','2022-10-25'),
(1389,2,19,3,'Female',35,'Divorced',105900.00,1,1,'No',5,'No','No','2022-03-24'),
(1390,3,11,3,'Male',24,'Divorced',69100.00,0,4,'Yes',1,'No','No','2023-10-02'),
(1391,1,8,3,'Female',56,'Divorced',48000.00,0,26,'No',20,'No','No','2023-04-03'),
(1392,6,15,1,'Female',36,'Single',86900.00,1,29,'Yes',18,'No','Yes','2022-10-11'),
(1393,6,6,3,'Male',41,'Married',63600.00,0,1,'Yes',15,'No','No','2023-05-15'),
(1394,4,4,3,'Female',28,'Divorced',58300.00,3,29,'No',6,'No','No','2020-08-07'),
(1395,8,17,4,'Male',36,'Married',109700.00,7,4,'No',10,'No','No','2016-09-21'),
(1396,7,10,3,'Female',33,'Divorced',57600.00,1,5,'No',11,'No','No','2022-09-24'),
(1397,6,15,3,'Male',35,'Single',106000.00,16,3,'No',9,'Yes','No','2007-08-16'),
(1398,6,5,3,'Male',29,'Married',68300.00,0,1,'No',17,'No','Yes','2023-07-20'),
(1399,8,9,3,'Female',39,'Divorced',94400.00,2,2,'No',14,'No','No','2021-04-07'),
(1400,3,11,3,'Male',32,'Divorced',75400.00,1,1,'No',14,'No','Yes','2022-09-14'),
(1401,1,12,1,'Male',27,'Divorced',64200.00,0,6,'No',12,'No','No','2023-12-28'),
(1402,4,4,1,'Male',20,'Divorced',47100.00,2,4,'Yes',9,'No','Yes','2021-06-20'),
(1403,4,18,3,'Male',20,'Divorced',75100.00,0,4,'No',13,'No','No','2023-05-18'),
(1404,7,10,3,'Male',38,'Single',66300.00,1,2,'No',13,'No','No','2022-04-01'),
(1405,8,9,3,'Male',53,'Divorced',90700.00,0,31,'No',14,'No','Yes','2023-05-24'),
(1406,4,4,2,'Female',29,'Single',57100.00,11,30,'Yes',14,'No','Yes','2012-03-24'),
(1407,4,4,4,'Female',29,'Married',70900.00,3,2,'No',17,'Yes','No','2020-11-02'),
(1408,8,9,2,'Female',45,'Single',70200.00,0,1,'No',18,'No','Yes','2023-11-08'),
(1409,6,6,2,'Male',23,'Married',56700.00,1,10,'No',11,'Yes','No','2022-10-13'),
(1410,3,11,3,'Female',27,'Married',74500.00,0,2,'No',13,'No','Yes','2023-06-24'),
(1411,8,9,1,'Female',41,'Divorced',94100.00,23,11,'No',6,'No','No','2000-08-03'),
(1412,3,7,3,'Female',20,'Divorced',116800.00,2,3,'No',14,'No','No','2021-08-25'),
(1413,3,11,3,'Male',28,'Divorced',77000.00,4,8,'No',9,'Yes','No','2019-11-29'),
(1414,6,5,3,'Male',29,'Married',71500.00,11,1,'Yes',12,'Yes','No','2012-11-29'),
(1415,3,14,1,'Male',31,'Divorced',79800.00,13,4,'No',14,'No','No','2010-07-27'),
(1416,5,21,1,'Male',58,'Divorced',71900.00,7,23,'No',10,'No','No','2016-07-17'),
(1417,7,3,3,'Male',33,'Single',92100.00,7,5,'Yes',13,'No','No','2016-10-23'),
(1418,3,14,3,'Female',23,'Single',73300.00,1,1,'No',13,'No','No','2022-03-11'),
(1419,5,20,2,'Male',20,'Divorced',94200.00,2,3,'No',16,'No','No','2021-09-09'),
(1420,6,5,1,'Male',41,'Divorced',58000.00,5,2,'Yes',16,'No','No','2018-10-10'),
(1421,2,19,3,'Male',30,'Single',102900.00,0,1,'No',14,'No','No','2023-09-11'),
(1422,7,10,1,'Male',20,'Single',56900.00,0,2,'No',7,'No','No','2023-05-14'),
(1423,8,2,1,'Female',41,'Divorced',64100.00,6,4,'No',7,'No','No','2017-03-12'),
(1424,2,19,1,'Female',24,'Single',98500.00,6,18,'No',7,'No','No','2017-04-13'),
(1425,5,23,1,'Female',29,'Divorced',74400.00,4,1,'Yes',19,'No','No','2019-09-07'),
(1426,4,4,1,'Female',38,'Married',52800.00,0,1,'No',12,'No','No','2023-06-03'),
(1427,1,8,1,'Male',40,'Single',44500.00,1,11,'No',12,'No','No','2022-10-28'),
(1428,2,13,2,'Female',26,'Single',109000.00,3,4,'Yes',15,'No','No','2020-06-08'),
(1429,8,9,3,'Female',37,'Single',103500.00,6,2,'No',9,'No','No','2017-10-07'),
(1430,3,14,3,'Female',39,'Single',74500.00,2,6,'No',15,'Yes','No','2021-07-10'),
(1431,7,10,1,'Male',34,'Single',50000.00,2,12,'No',9,'No','No','2021-10-17'),
(1432,4,1,3,'Male',47,'Divorced',61400.00,0,2,'No',13,'No','Yes','2023-10-27'),
(1433,8,9,1,'Female',43,'Single',81100.00,3,1,'No',19,'No','No','2020-04-30'),
(1434,5,23,3,'Female',35,'Divorced',83100.00,9,4,'No',17,'Yes','No','2014-09-06'),
(1435,4,18,1,'Female',30,'Single',76300.00,1,8,'No',9,'No','No','2022-11-02'),
(1436,8,17,3,'Female',41,'Married',95200.00,4,2,'Yes',9,'No','No','2019-08-22'),
(1437,5,20,1,'Male',25,'Single',97600.00,4,10,'No',9,'No','No','2019-06-27'),
(1438,7,3,3,'Female',33,'Married',88500.00,7,3,'No',9,'No','No','2016-09-07'),
(1439,7,10,1,'Male',33,'Divorced',64700.00,14,8,'No',7,'Yes','No','2009-06-19'),
(1440,8,2,1,'Female',39,'Single',59500.00,2,2,'Yes',9,'Yes','No','2021-12-13'),
(1441,5,23,1,'Female',38,'Divorced',68300.00,0,1,'Yes',18,'Yes','No','2023-04-23'),
(1442,7,10,3,'Male',29,'Married',64200.00,6,2,'Yes',5,'No','No','2017-09-06'),
(1443,2,22,3,'Male',34,'Single',95000.00,1,8,'No',12,'No','No','2022-06-13'),
(1444,5,20,2,'Male',38,'Single',78400.00,0,1,'No',12,'No','No','2023-03-09'),
(1445,1,12,1,'Female',50,'Single',60300.00,5,1,'No',16,'Yes','No','2018-10-05'),
(1446,5,20,2,'Male',44,'Single',87400.00,4,16,'No',5,'No','No','2019-03-14'),
(1447,6,6,1,'Male',39,'Single',59900.00,1,9,'No',8,'No','No','2022-05-11'),
(1448,8,17,2,'Male',50,'Single',70400.00,0,25,'No',5,'No','Yes','2023-07-05'),
(1449,8,9,1,'Female',45,'Divorced',80900.00,1,30,'No',8,'No','Yes','2022-10-02'),
(1450,7,3,3,'Male',33,'Divorced',98800.00,6,4,'No',10,'No','No','2017-09-22'),
(1451,3,7,1,'Male',50,'Single',92800.00,5,10,'No',13,'No','No','2018-11-02'),
(1452,4,4,1,'Female',40,'Divorced',47500.00,0,2,'No',8,'No','No','2023-07-24'),
(1453,7,3,4,'Male',34,'Married',105400.00,6,8,'No',13,'Yes','No','2017-04-08'),
(1454,5,23,2,'Female',39,'Divorced',74500.00,8,7,'No',12,'Yes','No','2015-04-13'),
(1455,7,3,2,'Female',42,'Divorced',62600.00,3,3,'Yes',12,'No','No','2020-09-28'),
(1456,6,5,4,'Male',41,'Single',75200.00,3,8,'No',10,'No','No','2020-06-25'),
(1457,1,12,1,'Male',32,'Divorced',59200.00,4,9,'No',5,'No','No','2019-09-04'),
(1458,5,23,3,'Male',20,'Married',87600.00,2,1,'No',4,'No','No','2021-04-12'),
(1459,1,12,3,'Male',35,'Married',67500.00,0,20,'Yes',13,'Yes','Yes','2023-08-24'),
(1460,7,10,1,'Male',31,'Divorced',55200.00,2,1,'No',10,'No','No','2021-06-05'),
(1461,4,18,4,'Female',42,'Divorced',105700.00,8,1,'No',7,'No','No','2015-08-11'),
(1462,1,12,1,'Female',24,'Single',59900.00,1,3,'No',14,'No','No','2022-10-19'),
(1463,2,16,3,'Male',39,'Single',150400.00,1,24,'Yes',7,'No','Yes','2022-08-05'),
(1464,6,6,1,'Female',22,'Married',66000.00,3,5,'No',3,'No','No','2020-10-08'),
(1465,2,22,1,'Male',38,'Divorced',97600.00,5,15,'No',10,'No','No','2018-11-11'),
(1466,4,1,1,'Female',49,'Married',49400.00,4,9,'No',14,'Yes','No','2019-10-15'),
(1467,4,4,1,'Female',31,'Divorced',45000.00,0,10,'No',12,'No','No','2023-10-06'),
(1468,8,2,3,'Female',50,'Married',58000.00,0,3,'No',13,'No','No','2023-03-27'),
(1469,7,10,3,'Female',33,'Divorced',63800.00,3,2,'No',11,'No','No','2020-05-24'),
(1470,6,15,1,'Male',29,'Married',77800.00,1,6,'No',13,'No','Yes','2023-01-01'),
(1471,2,16,1,'Male',20,'Married',127400.00,2,9,'No',12,'Yes','No','2021-05-26'),
(1472,6,6,2,'Male',23,'Married',57800.00,2,1,'No',20,'No','No','2021-06-16'),
(1473,5,21,1,'Male',26,'Divorced',65000.00,2,9,'No',10,'No','No','2021-04-04'),
(1474,6,15,2,'Male',23,'Single',73900.00,5,1,'No',13,'No','No','2018-04-26'),
(1475,3,14,2,'Male',58,'Single',64300.00,4,2,'No',16,'Yes','No','2019-05-23'),
(1476,8,2,2,'Male',36,'Married',59200.00,8,12,'No',11,'No','No','2015-05-11'),
(1477,8,17,3,'Male',23,'Married',102500.00,5,5,'No',11,'No','Yes','2018-09-26'),
(1478,6,15,1,'Female',28,'Single',98300.00,8,6,'No',15,'Yes','No','2015-12-17'),
(1479,3,14,2,'Female',29,'Single',63900.00,2,4,'No',7,'No','No','2021-07-20'),
(1480,2,22,1,'Female',28,'Married',85300.00,2,4,'No',9,'No','Yes','2021-09-12'),
(1481,4,1,1,'Female',43,'Married',49100.00,6,1,'No',11,'No','No','2017-12-12'),
(1482,7,10,2,'Male',53,'Single',49700.00,0,1,'No',18,'No','No','2023-12-02'),
(1483,8,17,3,'Female',39,'Single',102800.00,7,12,'No',7,'No','No','2016-07-09'),
(1484,7,10,1,'Male',35,'Married',67500.00,5,1,'No',14,'No','No','2018-08-05'),
(1485,7,10,1,'Female',37,'Married',63700.00,11,7,'Yes',15,'No','No','2012-03-26'),
(1486,2,22,1,'Male',37,'Divorced',92500.00,4,10,'No',7,'No','Yes','2019-06-22'),
(1487,2,22,1,'Female',27,'Married',81800.00,1,1,'No',15,'No','No','2022-06-17'),
(1488,3,7,3,'Female',33,'Married',102500.00,3,3,'No',10,'Yes','No','2020-04-09'),
(1489,4,1,1,'Female',39,'Single',52700.00,7,9,'Yes',12,'Yes','Yes','2016-06-18'),
(1490,7,3,1,'Male',34,'Single',75500.00,5,9,'No',9,'No','No','2018-11-23'),
(1491,7,10,3,'Male',39,'Married',62700.00,1,13,'No',14,'No','Yes','2022-04-06'),
(1492,8,9,1,'Male',41,'Divorced',71700.00,1,4,'Yes',17,'No','No','2022-09-26'),
(1493,3,7,3,'Female',38,'Divorced',108100.00,0,3,'No',14,'Yes','No','2023-03-12'),
(1494,1,12,1,'Female',32,'Single',75800.00,14,6,'No',14,'No','No','2009-04-06'),
(1495,7,3,3,'Female',41,'Married',104500.00,9,2,'No',11,'No','No','2014-07-22'),
(1496,3,7,1,'Male',30,'Divorced',82300.00,0,6,'Yes',9,'No','No','2023-06-12'),
(1497,8,9,1,'Male',44,'Single',70600.00,1,11,'No',17,'No','Yes','2022-09-10'),
(1498,3,14,3,'Male',40,'Married',79800.00,0,7,'No',20,'No','No','2023-03-15'),
(1499,2,22,1,'Male',37,'Married',98900.00,4,11,'No',19,'No','Yes','2019-08-02'),
(1500,4,4,4,'Male',30,'Divorced',63300.00,2,21,'No',12,'No','No','2021-03-12'),
(1501,4,4,2,'Female',38,'Married',50200.00,1,31,'Yes',16,'No','Yes','2022-07-07'),
(1502,5,23,1,'Female',39,'Divorced',75500.00,6,8,'No',9,'Yes','No','2017-06-21'),
(1503,8,17,1,'Male',25,'Married',79400.00,7,5,'No',16,'Yes','No','2016-06-15'),
(1504,7,10,1,'Male',44,'Single',53400.00,5,7,'No',7,'No','No','2018-03-28'),
(1505,5,23,1,'Male',40,'Single',73400.00,3,14,'No',14,'Yes','No','2020-06-13'),
(1506,3,7,3,'Female',35,'Single',121800.00,6,4,'Yes',24,'No','No','2017-03-14'),
(1507,4,1,1,'Female',37,'Married',55000.00,1,7,'No',5,'No','No','2022-10-07'),
(1508,1,12,1,'Female',45,'Single',53300.00,0,7,'Yes',11,'No','No','2023-11-19'),
(1509,4,4,4,'Male',24,'Married',76300.00,6,1,'Yes',8,'Yes','No','2017-05-17'),
(1510,7,10,3,'Male',43,'Divorced',73600.00,8,5,'No',12,'No','No','2015-10-23'),
(1511,8,17,3,'Female',30,'Single',81100.00,12,15,'Yes',9,'No','Yes','2011-08-19'),
(1512,8,17,2,'Female',33,'Married',66500.00,1,1,'No',11,'No','No','2022-11-07'),
(1513,8,17,3,'Female',32,'Married',112700.00,14,27,'No',5,'No','No','2009-05-01'),
(1514,4,1,4,'Male',30,'Divorced',70300.00,8,1,'Yes',8,'No','No','2015-07-17'),
(1515,7,3,2,'Female',28,'Married',64300.00,5,1,'No',10,'No','No','2018-04-21'),
(1516,6,5,3,'Female',37,'Single',73700.00,2,6,'No',11,'Yes','No','2021-07-11'),
(1517,5,20,3,'Male',31,'Divorced',116200.00,4,1,'No',6,'No','No','2019-09-01'),
(1518,2,19,4,'Female',42,'Divorced',105800.00,3,13,'Yes',10,'No','No','2020-09-20'),
(1519,2,16,3,'Female',33,'Married',149400.00,3,6,'No',16,'Yes','No','2020-03-18'),
(1520,2,16,1,'Male',41,'Single',111400.00,9,36,'No',12,'No','No','2014-07-24'),
(1521,5,23,3,'Male',32,'Divorced',79200.00,1,10,'No',1,'No','No','2022-11-08'),
(1522,2,13,4,'Male',21,'Divorced',157200.00,3,3,'No',16,'Yes','No','2020-12-19'),
(1523,1,8,1,'Female',49,'Divorced',39400.00,0,24,'No',13,'No','No','2023-06-17'),
(1524,7,3,1,'Male',23,'Single',77000.00,4,6,'No',14,'No','No','2019-09-21'),
(1525,3,11,4,'Male',48,'Divorced',85700.00,0,1,'No',8,'No','No','2023-08-28'),
(1526,5,23,3,'Female',28,'Divorced',84500.00,1,28,'No',11,'No','No','2022-04-02'),
(1527,8,9,1,'Male',25,'Single',81100.00,2,3,'No',12,'No','No','2021-03-22'),
(1528,5,20,4,'Female',27,'Married',148800.00,9,1,'No',8,'No','No','2014-05-12'),
(1529,2,19,4,'Male',38,'Single',106800.00,1,1,'No',13,'Yes','No','2022-04-20'),
(1530,4,1,4,'Female',38,'Single',72300.00,4,3,'No',7,'Yes','No','2019-05-15'),
(1531,3,14,1,'Male',34,'Divorced',69600.00,12,2,'No',9,'Yes','No','2011-11-07'),
(1532,7,3,3,'Male',28,'Divorced',95700.00,10,1,'No',11,'No','No','2013-12-12'),
(1533,2,16,3,'Female',20,'Single',155000.00,2,11,'Yes',16,'No','No','2021-07-27'),
(1534,7,3,1,'Female',31,'Single',66000.00,0,5,'Yes',7,'Yes','No','2023-04-22'),
(1535,7,10,1,'Female',41,'Divorced',54400.00,3,1,'No',12,'Yes','No','2020-12-29'),
(1536,3,7,3,'Male',30,'Single',115100.00,2,1,'Yes',10,'No','Yes','2021-12-14'),
(1537,2,22,3,'Female',29,'Single',99100.00,4,1,'Yes',16,'No','No','2019-08-10'),
(1538,2,19,1,'Female',30,'Married',91900.00,2,2,'No',10,'No','No','2021-05-28'),
(1539,4,18,1,'Male',41,'Married',81800.00,13,1,'No',18,'No','No','2010-12-06'),
(1540,4,4,3,'Female',36,'Married',56600.00,1,2,'No',12,'No','No','2022-08-07'),
(1541,5,20,1,'Female',49,'Divorced',103400.00,1,23,'No',13,'No','Yes','2022-04-10'),
(1542,7,3,3,'Female',39,'Married',81300.00,1,7,'No',16,'Yes','Yes','2022-11-02'),
(1543,3,7,1,'Female',29,'Divorced',89300.00,2,3,'No',10,'No','No','2021-08-10'),
(1544,6,5,1,'Male',24,'Single',57700.00,6,27,'Yes',13,'No','Yes','2017-03-17'),
(1545,8,2,3,'Male',35,'Married',63800.00,1,8,'No',15,'No','No','2022-04-30'),
(1546,2,19,1,'Female',42,'Married',97400.00,4,1,'No',14,'No','No','2019-03-19'),
(1547,1,8,3,'Male',26,'Married',53600.00,2,18,'Yes',10,'No','Yes','2021-07-12'),
(1548,5,20,1,'Male',40,'Single',97700.00,5,3,'No',10,'No','No','2018-07-25'),
(1549,8,17,1,'Male',46,'Married',80600.00,0,6,'No',11,'No','No','2023-10-04'),
(1550,4,18,3,'Female',20,'Married',83300.00,1,1,'No',11,'No','No','2022-10-15'),
(1551,3,14,3,'Female',43,'Married',80600.00,2,8,'Yes',19,'No','No','2021-04-12'),
(1552,2,13,1,'Female',42,'Divorced',135800.00,11,1,'Yes',14,'Yes','No','2012-11-20'),
(1553,1,12,1,'Female',24,'Divorced',64500.00,0,1,'No',12,'No','No','2023-09-16'),
(1554,1,8,1,'Male',28,'Married',41500.00,6,1,'No',20,'No','No','2017-11-05'),
(1555,8,9,1,'Male',37,'Divorced',85000.00,1,13,'No',11,'No','Yes','2022-08-09'),
(1556,3,11,3,'Male',39,'Married',70100.00,2,4,'Yes',10,'No','Yes','2021-12-07'),
(1557,4,18,1,'Male',40,'Divorced',72200.00,1,3,'No',13,'No','No','2022-05-18'),
(1558,1,12,1,'Male',38,'Divorced',59600.00,3,3,'Yes',9,'No','No','2020-03-17'),
(1559,2,22,4,'Female',21,'Married',109000.00,3,3,'No',13,'No','No','2020-05-06'),
(1560,3,11,3,'Male',39,'Married',76400.00,2,1,'No',11,'No','No','2021-07-19'),
(1561,7,3,1,'Male',36,'Married',69000.00,3,5,'No',7,'No','No','2020-03-13'),
(1562,2,22,3,'Male',32,'Divorced',115000.00,5,1,'No',13,'No','No','2018-06-11'),
(1563,5,21,1,'Female',26,'Married',78400.00,4,8,'Yes',11,'No','No','2019-05-27'),
(1564,5,20,1,'Female',29,'Divorced',97600.00,3,7,'No',13,'No','No','2020-04-27'),
(1565,4,4,1,'Female',22,'Married',48500.00,0,4,'Yes',16,'No','No','2023-11-07'),
(1566,5,23,3,'Male',46,'Single',76600.00,0,14,'No',10,'No','No','2024-01-01'),
(1567,2,13,1,'Male',34,'Married',128000.00,0,6,'Yes',12,'No','No','2023-03-16'),
(1568,6,15,4,'Female',20,'Divorced',118700.00,2,21,'Yes',10,'No','No','2021-10-28'),
(1569,6,5,1,'Male',37,'Divorced',60300.00,4,11,'No',19,'Yes','No','2019-08-11'),
(1570,8,2,3,'Male',38,'Divorced',68200.00,2,14,'No',13,'No','No','2021-10-05'),
(1571,7,10,1,'Male',45,'Married',52300.00,2,19,'Yes',14,'No','No','2021-10-25'),
(1572,8,2,1,'Female',30,'Divorced',57600.00,3,3,'No',4,'Yes','No','2020-06-03'),
(1573,7,3,1,'Female',34,'Married',76900.00,6,8,'No',17,'No','No','2017-12-30'),
(1574,7,10,1,'Female',30,'Divorced',58000.00,1,8,'No',10,'No','No','2022-06-27'),
(1575,4,4,3,'Male',28,'Divorced',61400.00,10,7,'No',9,'No','No','2013-08-13'),
(1576,7,10,3,'Male',25,'Divorced',61500.00,3,4,'No',10,'Yes','No','2020-03-31'),
(1577,6,6,1,'Male',38,'Married',56800.00,0,1,'No',7,'No','No','2023-07-16'),
(1578,5,23,3,'Female',38,'Single',71800.00,1,16,'No',9,'No','No','2022-03-19'),
(1579,6,5,3,'Female',33,'Divorced',60600.00,0,6,'No',10,'No','No','2023-08-08'),
(1580,7,10,2,'Male',34,'Married',44800.00,4,1,'Yes',16,'No','No','2019-12-26'),
(1581,4,4,3,'Male',20,'Married',59700.00,2,2,'No',7,'No','No','2021-09-03'),
(1582,7,10,3,'Female',43,'Single',67900.00,11,4,'No',12,'No','No','2012-04-25'),
(1583,5,23,1,'Male',38,'Single',65200.00,1,13,'No',4,'Yes','No','2022-08-19'),
(1584,4,1,1,'Male',29,'Divorced',52700.00,10,1,'No',8,'No','No','2013-06-18'),
(1585,7,3,3,'Male',20,'Married',84400.00,2,6,'No',13,'No','No','2021-12-11'),
(1586,4,4,4,'Female',24,'Divorced',74500.00,6,2,'No',11,'No','No','2017-11-13'),
(1587,6,6,1,'Female',24,'Single',56800.00,5,1,'No',18,'Yes','No','2018-07-14'),
(1588,2,16,3,'Male',27,'Single',142800.00,1,18,'No',10,'No','No','2022-07-06'),
(1589,3,7,1,'Male',25,'Single',88900.00,2,8,'Yes',14,'No','No','2021-09-12'),
(1590,4,4,2,'Female',43,'Married',49400.00,8,3,'No',9,'No','No','2015-10-01'),
(1591,4,4,1,'Male',24,'Single',54900.00,0,1,'No',14,'No','No','2023-05-28'),
(1592,1,12,2,'Male',45,'Married',60200.00,4,7,'No',4,'Yes','No','2019-08-20'),
(1593,2,19,4,'Male',21,'Married',115300.00,2,15,'Yes',15,'No','No','2021-05-26'),
(1594,3,7,4,'Female',39,'Single',132400.00,4,2,'Yes',9,'No','Yes','2019-05-19'),
(1595,8,17,3,'Male',43,'Divorced',93100.00,1,7,'No',18,'No','No','2022-06-15'),
(1596,8,9,3,'Female',43,'Married',92500.00,4,2,'No',8,'No','No','2019-04-01'),
(1597,3,11,3,'Male',25,'Single',83200.00,4,1,'No',16,'No','No','2019-07-31'),
(1598,5,21,4,'Female',37,'Married',92500.00,0,21,'No',3,'No','Yes','2023-08-06'),
(1599,3,11,4,'Male',31,'Married',77400.00,0,2,'No',12,'No','No','2023-07-02'),
(1600,7,10,1,'Female',32,'Single',54100.00,2,8,'Yes',8,'No','No','2021-04-26'),
(1601,5,21,3,'Female',36,'Married',82900.00,4,1,'No',12,'No','Yes','2019-07-14'),
(1602,8,17,3,'Male',27,'Married',98800.00,2,10,'No',10,'No','No','2021-03-11'),
(1603,3,11,1,'Male',37,'Married',75500.00,5,12,'No',16,'Yes','No','2018-10-28'),
(1604,8,2,4,'Female',45,'Single',83000.00,14,8,'No',7,'No','No','2009-11-11'),
(1605,4,18,3,'Female',32,'Single',84600.00,6,8,'No',4,'No','No','2017-06-11'),
(1606,1,8,1,'Female',41,'Single',44400.00,0,4,'No',13,'No','No','2023-11-01'),
(1607,6,5,1,'Female',42,'Single',52200.00,0,9,'No',6,'Yes','No','2023-11-11'),
(1608,5,21,1,'Male',28,'Single',68500.00,0,1,'No',23,'No','No','2023-08-09'),
(1609,5,20,3,'Female',20,'Single',110300.00,2,2,'Yes',10,'No','No','2021-09-01'),
(1610,2,22,3,'Female',29,'Single',91400.00,0,6,'No',13,'No','No','2023-12-30'),
(1611,3,11,1,'Male',46,'Married',63400.00,1,4,'No',16,'No','No','2022-05-09'),
(1612,3,14,1,'Male',45,'Married',61100.00,1,6,'No',13,'No','Yes','2022-12-05'),
(1613,1,12,1,'Male',44,'Married',69800.00,7,5,'Yes',14,'No','No','2016-10-04'),
(1614,2,22,1,'Male',47,'Divorced',78100.00,1,7,'No',5,'No','No','2022-07-19'),
(1615,3,11,1,'Male',31,'Single',63900.00,0,1,'No',22,'No','No','2023-04-28'),
(1616,8,17,4,'Male',29,'Married',95900.00,3,2,'No',21,'No','No','2020-07-02'),
(1617,6,5,2,'Male',44,'Married',52200.00,0,9,'Yes',8,'No','No','2023-10-06'),
(1618,1,8,3,'Female',25,'Divorced',55300.00,4,10,'No',17,'No','No','2019-03-25'),
(1619,3,11,1,'Male',47,'Single',63700.00,3,9,'No',3,'Yes','No','2020-05-27'),
(1620,3,11,3,'Male',42,'Divorced',79800.00,12,11,'No',11,'No','No','2011-06-05'),
(1621,8,2,3,'Female',25,'Married',66600.00,5,11,'No',2,'No','No','2018-11-13'),
(1622,7,3,3,'Male',24,'Divorced',86700.00,6,27,'No',8,'No','Yes','2017-09-02'),
(1623,4,1,1,'Male',29,'Divorced',51600.00,2,1,'No',3,'No','Yes','2021-10-23'),
(1624,5,21,1,'Female',28,'Divorced',64600.00,2,3,'Yes',15,'No','No','2021-07-15'),
(1625,8,17,1,'Male',28,'Divorced',75500.00,5,13,'No',12,'No','No','2018-07-15'),
(1626,8,9,3,'Female',39,'Single',100900.00,15,6,'No',9,'Yes','No','2008-07-01'),
(1627,2,22,3,'Female',20,'Married',95600.00,0,1,'Yes',8,'No','Yes','2023-03-10'),
(1628,3,7,1,'Female',41,'Divorced',92000.00,0,6,'No',13,'Yes','No','2023-07-09'),
(1629,7,3,3,'Male',44,'Divorced',80100.00,3,6,'No',11,'No','No','2020-06-27'),
(1630,4,1,1,'Female',42,'Single',47100.00,1,7,'No',7,'No','No','2022-08-13'),
(1631,4,4,1,'Male',39,'Divorced',51300.00,8,5,'Yes',16,'No','No','2015-10-28'),
(1632,7,3,3,'Male',38,'Single',88400.00,7,1,'Yes',8,'No','No','2016-04-11'),
(1633,1,12,3,'Female',38,'Married',77900.00,4,8,'No',17,'No','No','2019-05-20'),
(1634,7,3,3,'Female',34,'Married',92800.00,15,1,'Yes',15,'No','No','2008-12-11'),
(1635,2,16,4,'Male',52,'Single',145100.00,2,7,'No',11,'No','No','2021-10-15'),
(1636,2,13,4,'Male',42,'Married',155200.00,1,3,'Yes',16,'No','Yes','2022-12-15'),
(1637,1,12,1,'Male',37,'Divorced',67600.00,8,12,'No',5,'No','No','2015-04-23'),
(1638,2,19,1,'Female',50,'Divorced',105000.00,15,7,'No',14,'No','No','2008-05-07'),
(1639,6,6,3,'Female',23,'Married',68100.00,0,11,'No',5,'No','Yes','2023-12-12'),
(1640,2,22,1,'Male',36,'Married',83700.00,5,1,'No',11,'No','No','2018-09-25'),
(1641,3,14,2,'Male',30,'Divorced',57300.00,0,5,'No',2,'No','Yes','2023-09-24'),
(1642,7,3,1,'Female',31,'Divorced',76800.00,9,1,'No',12,'No','Yes','2014-06-28'),
(1643,5,23,1,'Male',50,'Married',79100.00,10,25,'No',20,'No','Yes','2013-05-21'),
(1644,5,23,3,'Male',40,'Married',85200.00,0,1,'No',15,'No','No','2023-11-18'),
(1645,2,13,4,'Male',34,'Married',155300.00,0,2,'Yes',13,'No','No','2023-11-17'),
(1646,8,17,1,'Female',36,'Married',75200.00,0,1,'No',12,'No','No','2023-09-28'),
(1647,5,23,2,'Male',45,'Divorced',62900.00,2,4,'No',12,'No','No','2021-12-19'),
(1648,8,2,4,'Male',39,'Married',75100.00,6,1,'Yes',9,'Yes','No','2017-10-03'),
(1649,7,10,3,'Male',39,'Single',64900.00,5,5,'No',8,'No','No','2018-05-24'),
(1650,6,6,4,'Female',23,'Married',89000.00,5,14,'No',10,'No','No','2018-10-11'),
(1651,8,2,3,'Male',30,'Single',71400.00,2,1,'Yes',9,'No','Yes','2021-07-03'),
(1652,8,17,3,'Male',35,'Single',95000.00,6,13,'No',13,'Yes','Yes','2017-10-09'),
(1653,1,12,3,'Female',27,'Divorced',70300.00,2,4,'No',12,'No','No','2021-07-05'),
(1654,2,22,1,'Male',35,'Married',88000.00,0,1,'No',10,'Yes','No','2023-10-14'),
(1655,3,11,3,'Female',29,'Divorced',80100.00,5,4,'No',16,'No','No','2018-11-05'),
(1656,5,23,1,'Female',20,'Single',65300.00,2,6,'No',6,'No','No','2021-05-20'),
(1657,1,8,2,'Female',41,'Single',36700.00,0,12,'Yes',5,'No','No','2023-07-28'),
(1658,2,13,1,'Male',38,'Single',116700.00,5,7,'Yes',15,'No','No','2018-12-12'),
(1659,3,11,3,'Male',24,'Married',74600.00,1,7,'Yes',4,'Yes','Yes','2022-12-27'),
(1660,4,1,1,'Female',36,'Single',50000.00,0,1,'No',8,'Yes','Yes','2023-08-12'),
(1661,1,12,1,'Male',40,'Single',58500.00,0,1,'No',15,'No','Yes','2023-12-25'),
(1662,3,7,1,'Male',54,'Divorced',94100.00,2,1,'Yes',12,'No','No','2021-04-18'),
(1663,7,3,1,'Female',37,'Single',86500.00,11,13,'Yes',18,'No','No','2012-09-16'),
(1664,3,14,4,'Male',31,'Single',101100.00,12,1,'No',8,'No','No','2011-08-10'),
(1665,8,2,1,'Male',27,'Divorced',59300.00,4,4,'No',9,'No','No','2019-09-09'),
(1666,5,23,1,'Female',35,'Married',63500.00,0,2,'No',12,'Yes','No','2023-04-25'),
(1667,4,18,3,'Male',46,'Single',82900.00,0,8,'No',11,'No','No','2023-10-07'),
(1668,4,18,1,'Female',43,'Married',76600.00,4,45,'Yes',12,'No','No','2019-08-13'),
(1669,6,6,1,'Female',26,'Married',59100.00,8,2,'No',10,'Yes','No','2015-05-16'),
(1670,4,1,1,'Male',39,'Single',47100.00,1,8,'Yes',16,'No','No','2022-04-21'),
(1671,8,2,3,'Male',42,'Divorced',67300.00,7,4,'No',14,'No','No','2016-04-11'),
(1672,7,3,3,'Male',36,'Married',89800.00,1,26,'No',16,'No','No','2022-12-23'),
(1673,8,17,1,'Female',26,'Married',86600.00,5,6,'No',12,'No','Yes','2018-07-31'),
(1674,2,19,1,'Male',21,'Single',85000.00,1,2,'No',15,'No','No','2022-03-31'),
(1675,7,3,1,'Female',21,'Married',78100.00,1,19,'No',17,'No','No','2022-07-05'),
(1676,6,15,3,'Male',28,'Married',114800.00,10,1,'No',7,'Yes','No','2013-07-13'),
(1677,5,21,4,'Male',26,'Single',86400.00,1,13,'No',10,'No','No','2022-11-19'),
(1678,4,18,1,'Male',41,'Single',85100.00,9,9,'No',13,'No','No','2014-06-02'),
(1679,6,5,3,'Female',36,'Married',68700.00,2,8,'No',7,'Yes','No','2021-04-26'),
(1680,4,4,1,'Female',35,'Divorced',61400.00,1,8,'No',13,'No','No','2022-05-23'),
(1681,3,14,4,'Female',41,'Divorced',98400.00,14,15,'Yes',13,'No','Yes','2009-03-17'),
(1682,5,21,4,'Female',28,'Divorced',99800.00,6,1,'Yes',10,'Yes','No','2017-04-06'),
(1683,7,3,3,'Male',35,'Married',93600.00,3,3,'No',13,'No','No','2020-07-25'),
(1684,3,14,3,'Male',31,'Divorced',73300.00,3,7,'Yes',19,'No','Yes','2020-09-28'),
(1685,7,10,3,'Female',46,'Married',69800.00,8,1,'No',13,'No','No','2015-05-26'),
(1686,8,9,1,'Male',43,'Divorced',80500.00,5,1,'No',14,'No','No','2018-07-23'),
(1687,4,4,1,'Male',43,'Divorced',54600.00,0,9,'Yes',6,'Yes','No','2023-09-01'),
(1688,4,1,1,'Male',42,'Married',55200.00,1,3,'No',9,'No','No','2022-12-14'),
(1689,3,11,2,'Male',38,'Married',58500.00,2,3,'No',1,'No','No','2021-04-28'),
(1690,8,2,2,'Female',43,'Single',57000.00,10,32,'No',12,'No','No','2013-11-18'),
(1691,5,20,1,'Female',33,'Divorced',104300.00,5,4,'No',17,'No','No','2018-04-09'),
(1692,6,15,1,'Female',31,'Married',87700.00,1,4,'No',19,'No','No','2022-09-03'),
(1693,5,21,1,'Male',42,'Married',68500.00,3,7,'No',11,'Yes','No','2020-04-03'),
(1694,1,8,1,'Male',35,'Married',48000.00,12,1,'No',10,'No','No','2011-06-30'),
(1695,6,5,4,'Female',28,'Divorced',68900.00,0,10,'No',11,'No','No','2023-09-01'),
(1696,6,6,3,'Male',41,'Divorced',66900.00,0,7,'Yes',6,'No','No','2023-06-17'),
(1697,8,17,4,'Female',29,'Single',110000.00,0,2,'No',11,'No','No','2023-05-22'),
(1698,1,12,1,'Female',30,'Married',63800.00,8,5,'No',9,'No','No','2015-06-01'),
(1699,4,1,1,'Female',37,'Divorced',57300.00,3,11,'No',12,'No','No','2020-12-18'),
(1700,8,9,3,'Female',20,'Single',97700.00,2,3,'Yes',9,'No','No','2021-03-13'),
(1701,4,1,1,'Male',40,'Divorced',54900.00,2,1,'No',7,'No','No','2021-07-22'),
(1702,7,3,1,'Female',27,'Divorced',67500.00,1,2,'No',6,'No','No','2022-06-03'),
(1703,1,8,1,'Male',20,'Divorced',46800.00,2,5,'Yes',9,'No','No','2021-09-06'),
(1704,4,18,3,'Male',32,'Married',88800.00,14,3,'No',7,'Yes','No','2009-06-30'),
(1705,2,22,1,'Male',39,'Married',87300.00,0,1,'No',13,'Yes','No','2023-09-19'),
(1706,3,14,1,'Male',30,'Single',62200.00,3,15,'No',12,'No','No','2020-09-27'),
(1707,5,21,1,'Male',35,'Married',81700.00,7,19,'Yes',9,'No','No','2016-03-10'),
(1708,7,10,1,'Male',26,'Divorced',51500.00,1,1,'No',3,'No','No','2022-05-30'),
(1709,6,5,2,'Male',26,'Single',53000.00,1,12,'No',15,'No','No','2022-12-09'),
(1710,8,17,1,'Male',46,'Divorced',77700.00,0,4,'No',9,'No','No','2023-03-10'),
(1711,2,16,1,'Male',31,'Married',111400.00,0,23,'Yes',13,'No','Yes','2023-10-21'),
(1712,6,5,4,'Male',30,'Married',82700.00,0,3,'No',9,'No','No','2023-08-20'),
(1713,6,6,3,'Male',24,'Married',72500.00,0,19,'No',13,'No','No','2023-05-21'),
(1714,8,2,1,'Male',42,'Married',56300.00,8,8,'Yes',7,'Yes','No','2015-04-25'),
(1715,8,17,3,'Male',26,'Married',99800.00,4,3,'Yes',10,'Yes','No','2019-07-08'),
(1716,4,1,1,'Female',31,'Divorced',48700.00,1,9,'No',18,'No','No','2022-09-15'),
(1717,8,9,1,'Female',44,'Single',77700.00,1,12,'No',10,'No','No','2022-12-19'),
(1718,6,6,1,'Female',42,'Single',56400.00,5,1,'No',16,'Yes','No','2018-05-02'),
(1719,7,3,2,'Female',22,'Divorced',61800.00,2,1,'No',9,'No','No','2021-03-16'),
(1720,2,13,3,'Female',32,'Single',145500.00,12,2,'No',11,'No','No','2011-11-18'),
(1721,5,23,4,'Male',37,'Single',102800.00,10,6,'Yes',10,'No','No','2013-06-11'),
(1722,6,6,3,'Female',31,'Married',76000.00,12,3,'No',9,'No','No','2011-10-29'),
(1723,1,8,1,'Female',43,'Married',40000.00,0,5,'No',14,'No','No','2023-05-30'),
(1724,1,8,1,'Male',27,'Married',46900.00,9,4,'No',11,'No','No','2014-10-16'),
(1725,7,10,1,'Male',20,'Married',54300.00,2,11,'No',9,'No','No','2021-08-01'),
(1726,3,7,3,'Male',44,'Single',115300.00,2,22,'No',9,'No','No','2021-05-09'),
(1727,6,15,2,'Male',47,'Married',87500.00,8,4,'No',11,'No','No','2015-06-16'),
(1728,8,2,3,'Male',29,'Divorced',67300.00,5,8,'No',17,'No','No','2018-08-20'),
(1729,1,8,2,'Male',40,'Married',37200.00,3,2,'No',11,'No','No','2020-12-30'),
(1730,5,21,3,'Male',49,'Married',86800.00,1,18,'No',1,'No','No','2022-04-27'),
(1731,6,6,3,'Female',51,'Divorced',67000.00,1,1,'No',15,'Yes','No','2022-10-24'),
(1732,8,2,2,'Male',24,'Single',54500.00,6,7,'Yes',9,'No','No','2017-05-24'),
(1733,3,11,1,'Male',42,'Single',83800.00,18,3,'Yes',9,'No','No','2005-05-23'),
(1734,7,3,1,'Male',36,'Married',78400.00,11,7,'No',9,'Yes','No','2012-12-30'),
(1735,4,4,1,'Female',29,'Married',54900.00,9,16,'No',12,'No','No','2014-08-08'),
(1736,8,17,1,'Male',33,'Divorced',81800.00,9,9,'No',10,'Yes','No','2014-12-03'),
(1737,8,17,3,'Female',54,'Divorced',84700.00,1,1,'No',14,'No','No','2022-07-08'),
(1738,7,3,1,'Male',20,'Married',77500.00,2,10,'No',11,'No','No','2021-07-12'),
(1739,7,10,3,'Female',35,'Married',55300.00,1,10,'No',10,'No','No','2022-05-05'),
(1740,2,13,3,'Male',28,'Single',144900.00,3,3,'Yes',13,'No','Yes','2020-06-03'),
(1741,7,3,3,'Male',38,'Married',99000.00,6,11,'No',6,'Yes','No','2017-04-20'),
(1742,8,2,1,'Male',38,'Divorced',60600.00,5,6,'Yes',22,'No','No','2018-07-05'),
(1743,8,9,1,'Male',37,'Divorced',82900.00,1,1,'No',11,'Yes','Yes','2022-05-22'),
(1744,7,10,3,'Female',27,'Single',63500.00,5,3,'No',5,'Yes','Yes','2018-11-03'),
(1745,3,14,1,'Male',20,'Divorced',60700.00,2,5,'No',14,'No','No','2021-06-29'),
(1746,1,8,1,'Male',32,'Single',42400.00,0,1,'Yes',18,'No','No','2023-04-18'),
(1747,2,22,3,'Male',35,'Divorced',98200.00,4,5,'No',8,'No','No','2019-06-01'),
(1748,3,11,1,'Female',33,'Married',69400.00,0,5,'No',9,'No','No','2023-12-17'),
(1749,7,10,3,'Female',26,'Single',54500.00,0,14,'Yes',16,'No','No','2023-10-09'),
(1750,5,21,2,'Male',33,'Single',61100.00,1,6,'No',9,'No','Yes','2022-04-10'),
(1751,6,15,3,'Male',20,'Married',70050.00,1,3,'No',12,'No','No','2022-08-11'),
(1752,2,19,1,'Male',32,'Divorced',112500.00,14,9,'No',16,'No','No','2009-06-11'),
(1753,3,14,1,'Male',42,'Divorced',67700.00,3,11,'No',8,'No','No','2020-08-09'),
(1754,3,11,1,'Male',24,'Divorced',64600.00,6,7,'Yes',11,'No','Yes','2017-08-23'),
(1755,3,14,4,'Female',20,'Single',93200.00,2,6,'No',8,'No','No','2021-10-30'),
(1756,8,9,1,'Female',35,'Single',81100.00,0,1,'No',5,'No','No','2023-03-10'),
(1757,3,14,3,'Male',39,'Divorced',73300.00,4,6,'No',9,'No','No','2019-08-29'),
(1758,4,18,1,'Male',47,'Married',82900.00,10,1,'Yes',15,'No','No','2013-11-23'),
(1759,4,1,1,'Male',26,'Single',58900.00,8,9,'No',8,'No','No','2015-04-13'),
(1760,5,23,3,'Female',29,'Divorced',86000.00,7,1,'No',6,'No','No','2016-10-11'),
(1761,2,13,1,'Male',31,'Divorced',130500.00,0,1,'No',10,'Yes','Yes','2023-05-04'),
(1762,8,9,3,'Male',31,'Single',96400.00,7,1,'No',12,'Yes','No','2016-03-16'),
(1763,6,5,1,'Male',46,'Married',61200.00,10,6,'No',11,'No','No','2013-10-23'),
(1764,5,21,1,'Female',41,'Single',70600.00,8,3,'No',13,'Yes','No','2015-07-09'),
(1765,4,1,3,'Male',33,'Married',61600.00,2,11,'No',14,'No','No','2021-10-26'),
(1766,2,19,3,'Female',42,'Divorced',95500.00,0,32,'No',7,'No','No','2023-06-06'),
(1767,5,21,1,'Female',47,'Divorced',84200.00,18,12,'No',16,'No','No','2005-10-13'),
(1768,8,9,3,'Female',33,'Divorced',96500.00,0,11,'Yes',7,'No','No','2023-03-30'),
(1769,8,9,3,'Male',49,'Single',95600.00,2,2,'Yes',11,'No','No','2021-12-23'),
(1770,6,5,3,'Male',32,'Married',65100.00,3,1,'Yes',5,'Yes','No','2020-12-09'),
(1771,7,10,1,'Male',43,'Divorced',53000.00,0,8,'No',18,'No','Yes','2023-11-12'),
(1772,2,16,1,'Male',28,'Married',122700.00,2,3,'No',12,'No','No','2021-07-19'),
(1773,2,22,1,'Female',34,'Single',96100.00,3,10,'No',17,'No','No','2020-11-01'),
(1774,8,2,3,'Male',38,'Divorced',71200.00,9,27,'No',9,'Yes','No','2014-12-03'),
(1775,1,12,2,'Male',30,'Divorced',59800.00,9,1,'Yes',3,'No','No','2014-03-09'),
(1776,4,1,3,'Female',46,'Divorced',62200.00,10,1,'No',17,'No','Yes','2013-09-21'),
(1777,2,16,1,'Male',35,'Married',120000.00,1,15,'No',8,'Yes','No','2022-05-09'),
(1778,6,6,2,'Female',29,'Married',50100.00,0,2,'Yes',18,'No','Yes','2023-07-06'),
(1779,3,7,1,'Female',30,'Divorced',104000.00,12,35,'No',6,'No','No','2011-11-03'),
(1780,2,16,1,'Female',34,'Married',137500.00,11,1,'No',15,'No','No','2012-05-17'),
(1781,6,5,1,'Female',30,'Divorced',61900.00,3,4,'No',11,'Yes','No','2020-12-31'),
(1782,7,10,3,'Female',43,'Divorced',62200.00,3,17,'No',10,'No','No','2020-11-23'),
(1783,8,9,1,'Male',44,'Married',100500.00,13,5,'No',5,'Yes','No','2010-12-31'),
(1784,4,18,1,'Male',31,'Divorced',77700.00,13,2,'Yes',14,'No','Yes','2010-07-05'),
(1785,3,11,3,'Female',35,'Single',69600.00,0,4,'Yes',5,'No','No','2023-08-11'),
(1786,7,10,4,'Male',35,'Single',62900.00,1,6,'No',13,'No','No','2022-03-25'),
(1787,3,7,3,'Female',35,'Single',99600.00,0,4,'Yes',16,'Yes','Yes','2023-08-22'),
(1788,3,7,1,'Female',43,'Single',119800.00,25,4,'No',21,'No','No','1998-08-31'),
(1789,7,10,3,'Female',34,'Single',59900.00,4,6,'No',12,'No','No','2019-06-08'),
(1790,6,5,1,'Female',52,'Single',79700.00,23,1,'No',9,'No','No','2000-06-05'),
(1791,7,3,1,'Male',20,'Divorced',79200.00,2,5,'No',13,'No','No','2021-05-30'),
(1792,4,1,1,'Male',47,'Divorced',54700.00,2,5,'Yes',9,'No','No','2021-07-14'),
(1793,6,5,1,'Male',36,'Single',65300.00,2,6,'No',16,'No','No','2021-11-25'),
(1794,7,10,3,'Female',36,'Single',66200.00,4,4,'No',11,'No','No','2019-11-30'),
(1795,2,22,1,'Female',43,'Divorced',94300.00,1,25,'No',8,'No','Yes','2022-12-06'),
(1796,6,15,3,'Male',23,'Divorced',109800.00,5,5,'No',9,'No','No','2018-05-10'),
(1797,5,20,1,'Female',24,'Single',94500.00,6,1,'No',5,'Yes','No','2017-11-11'),
(1798,8,9,3,'Female',24,'Divorced',89700.00,1,2,'Yes',9,'No','No','2022-04-30'),
(1799,7,10,3,'Male',34,'Married',62500.00,2,32,'No',15,'No','No','2021-07-02'),
(1800,6,6,3,'Female',25,'Married',74300.00,6,1,'No',9,'No','No','2017-04-12'),
(1801,2,22,3,'Male',48,'Single',106000.00,1,1,'No',11,'Yes','No','2022-09-20'),
(1802,4,18,1,'Male',45,'Married',65800.00,1,7,'No',7,'No','No','2022-07-14'),
(1803,6,15,1,'Male',35,'Single',70050.00,1,1,'No',18,'No','No','2022-09-06'),
(1804,7,10,3,'Male',28,'Married',59100.00,1,24,'No',11,'No','No','2022-12-29'),
(1805,1,8,2,'Male',29,'Married',36400.00,0,2,'No',18,'No','No','2023-07-01'),
(1806,8,2,1,'Male',35,'Married',66700.00,9,3,'No',7,'No','No','2014-10-04'),
(1807,3,11,1,'Male',36,'Divorced',63800.00,0,3,'Yes',16,'No','No','2023-07-12'),
(1808,3,14,1,'Male',41,'Single',70100.00,1,10,'No',4,'No','No','2022-05-24'),
(1809,4,1,4,'Male',41,'Single',74600.00,4,1,'No',13,'Yes','No','2019-05-28'),
(1810,3,11,3,'Female',49,'Married',75500.00,1,17,'No',4,'Yes','No','2022-08-11'),
(1811,2,19,2,'Male',52,'Divorced',72800.00,3,2,'No',4,'No','No','2020-04-16'),
(1812,1,12,1,'Male',34,'Divorced',57500.00,1,4,'No',8,'No','No','2022-08-17'),
(1813,5,20,3,'Female',38,'Single',115500.00,0,13,'No',10,'No','No','2023-09-12'),
(1814,6,15,3,'Female',37,'Married',107100.00,5,4,'Yes',15,'No','Yes','2018-08-04'),
(1815,7,3,2,'Male',30,'Married',64500.00,5,4,'No',13,'No','No','2018-04-23'),
(1816,1,12,1,'Male',20,'Divorced',61100.00,0,1,'Yes',13,'No','No','2023-04-20'),
(1817,4,18,2,'Female',20,'Single',64900.00,0,16,'No',13,'No','Yes','2023-08-26'),
(1818,6,6,3,'Female',44,'Divorced',61500.00,0,3,'No',9,'No','Yes','2023-03-29'),
(1819,6,5,1,'Female',36,'Married',68600.00,9,1,'No',8,'No','No','2014-12-28'),
(1820,7,10,1,'Female',43,'Single',54100.00,5,1,'No',11,'No','No','2018-05-08'),
(1821,7,3,1,'Female',44,'Divorced',90500.00,9,29,'No',17,'No','No','2014-12-19'),
(1822,1,8,1,'Female',46,'Single',43300.00,0,3,'No',11,'No','No','2023-09-08'),
(1823,5,23,1,'Female',39,'Divorced',64700.00,3,4,'No',15,'No','No','2020-12-16'),
(1824,2,13,4,'Female',34,'Divorced',160000.00,5,28,'No',12,'No','No','2018-06-21'),
(1825,3,14,1,'Male',31,'Married',69400.00,2,8,'No',8,'No','No','2021-11-15'),
(1826,2,22,1,'Female',43,'Divorced',79800.00,1,7,'No',12,'Yes','No','2022-06-18'),
(1827,6,5,3,'Male',20,'Single',69000.00,0,13,'No',10,'No','Yes','2023-06-05'),
(1828,5,21,1,'Female',21,'Divorced',76400.00,3,1,'Yes',5,'No','No','2020-10-27'),
(1829,3,14,3,'Male',39,'Divorced',79800.00,0,4,'No',14,'No','No','2023-05-12'),
(1830,6,5,1,'Male',20,'Married',61000.00,0,1,'No',13,'No','Yes','2023-03-16'),
(1831,7,3,2,'Male',45,'Divorced',59600.00,0,6,'No',9,'No','No','2023-08-02'),
(1832,5,20,3,'Female',43,'Single',114900.00,2,6,'No',17,'No','No','2021-09-30'),
(1833,4,18,2,'Female',42,'Single',62100.00,1,1,'Yes',13,'No','No','2022-11-28'),
(1834,3,14,3,'Male',27,'Married',92700.00,9,1,'Yes',13,'No','Yes','2014-07-21'),
(1835,5,23,1,'Male',37,'Single',76100.00,4,9,'Yes',14,'No','No','2019-06-21'),
(1836,1,12,1,'Female',39,'Single',61400.00,1,1,'No',11,'No','Yes','2022-05-09'),
(1837,7,3,1,'Male',24,'Married',74200.00,6,2,'Yes',15,'No','No','2017-10-07'),
(1838,8,9,1,'Male',34,'Married',72600.00,1,19,'Yes',18,'Yes','No','2022-08-15'),
(1839,2,19,1,'Male',38,'Divorced',80400.00,1,9,'No',17,'Yes','No','2022-04-09'),
(1840,4,18,1,'Female',39,'Single',70300.00,1,2,'No',11,'No','No','2022-06-24'),
(1841,3,11,1,'Male',26,'Married',65500.00,4,19,'No',13,'Yes','No','2019-11-14'),
(1842,2,13,1,'Male',32,'Married',122700.00,0,23,'No',13,'Yes','Yes','2023-03-30'),
(1843,5,23,1,'Male',24,'Single',66300.00,1,1,'Yes',17,'Yes','No','2022-09-15'),
(1844,7,10,3,'Male',31,'Married',55400.00,0,1,'Yes',14,'No','No','2023-04-21'),
(1845,4,4,4,'Male',30,'Single',70400.00,5,9,'Yes',16,'Yes','Yes','2018-06-18'),
(1846,2,16,3,'Male',48,'Divorced',126100.00,1,6,'No',11,'No','No','2022-03-08'),
(1847,7,3,3,'Male',39,'Divorced',98600.00,5,33,'No',7,'No','No','2018-10-31'),
(1848,6,5,3,'Female',42,'Single',68800.00,8,3,'Yes',12,'Yes','No','2015-06-25'),
(1849,3,7,4,'Male',25,'Married',117200.00,2,11,'No',12,'No','No','2021-12-12'),
(1850,5,20,3,'Female',33,'Divorced',113400.00,6,19,'No',11,'No','No','2017-08-28'),
(1851,3,7,1,'Female',47,'Divorced',96400.00,1,1,'Yes',17,'No','No','2022-09-25'),
(1852,8,9,4,'Female',22,'Single',106600.00,0,4,'No',7,'No','No','2023-09-03'),
(1853,4,18,1,'Female',26,'Single',75700.00,0,2,'No',9,'No','No','2023-03-12'),
(1854,7,10,3,'Male',27,'Married',70300.00,5,12,'No',15,'No','Yes','2018-04-19'),
(1855,5,21,3,'Female',29,'Married',84400.00,1,3,'No',10,'No','Yes','2022-08-01'),
(1856,2,13,1,'Male',29,'Married',142200.00,11,34,'No',10,'No','No','2012-05-08'),
(1857,3,11,2,'Female',29,'Divorced',53300.00,0,1,'No',14,'No','No','2023-06-13'),
(1858,1,12,3,'Male',36,'Married',75500.00,3,10,'No',10,'Yes','No','2020-03-18'),
(1859,2,13,4,'Female',30,'Divorced',152000.00,5,3,'No',12,'No','No','2018-06-28'),
(1860,8,9,1,'Male',35,'Married',85600.00,3,7,'Yes',10,'No','No','2020-12-18'),
(1861,2,16,4,'Female',33,'Single',168200.00,4,4,'No',9,'No','No','2019-12-27'),
(1862,4,1,4,'Female',28,'Divorced',68300.00,6,25,'No',12,'No','Yes','2017-05-31'),
(1863,2,19,1,'Male',47,'Divorced',76600.00,0,1,'No',7,'No','No','2023-11-17'),
(1864,4,4,3,'Female',55,'Married',54200.00,3,4,'No',9,'No','No','2020-07-28'),
(1865,8,2,2,'Female',27,'Divorced',56400.00,8,1,'No',14,'No','No','2015-05-28'),
(1866,2,13,3,'Male',23,'Single',144600.00,5,8,'No',10,'No','No','2018-09-16'),
(1867,2,13,1,'Male',28,'Married',123800.00,1,3,'No',11,'No','No','2022-11-07'),
(1868,2,22,1,'Male',36,'Married',90000.00,3,7,'Yes',10,'No','No','2020-11-11'),
(1869,8,2,4,'Male',22,'Single',70900.00,3,19,'Yes',13,'Yes','No','2020-04-10'),
(1870,6,15,1,'Male',33,'Married',87100.00,3,3,'No',12,'No','No','2020-09-01'),
(1871,1,12,2,'Male',37,'Married',57500.00,2,1,'No',10,'No','Yes','2021-06-10'),
(1872,2,22,3,'Female',24,'Divorced',111000.00,6,1,'No',1,'No','No','2017-05-04'),
(1873,5,20,4,'Male',35,'Married',135300.00,0,1,'Yes',6,'Yes','No','2023-07-19'),
(1874,7,10,1,'Female',41,'Single',59800.00,6,17,'No',18,'No','No','2017-05-04'),
(1875,4,4,3,'Male',32,'Divorced',64100.00,1,3,'No',15,'No','No','2022-12-16'),
(1876,2,19,1,'Female',45,'Divorced',81800.00,1,2,'No',5,'No','No','2022-11-03'),
(1877,7,10,1,'Male',34,'Divorced',48300.00,2,9,'Yes',10,'No','No','2021-10-11'),
(1878,1,12,1,'Female',37,'Married',62200.00,0,7,'No',12,'No','No','2023-04-03'),
(1879,7,10,1,'Female',26,'Divorced',61000.00,7,4,'No',11,'No','No','2016-06-23'),
(1880,5,20,3,'Female',40,'Single',120600.00,7,1,'Yes',14,'Yes','Yes','2016-11-18'),
(1881,1,8,1,'Female',38,'Married',46500.00,1,1,'No',12,'Yes','No','2022-12-01'),
(1882,3,14,1,'Female',24,'Divorced',70900.00,4,21,'No',10,'No','Yes','2019-09-11'),
(1883,4,18,3,'Male',44,'Married',81200.00,0,4,'No',8,'No','No','2023-08-09'),
(1884,2,22,1,'Female',34,'Single',91400.00,5,1,'Yes',18,'No','No','2018-09-14'),
(1885,7,3,1,'Female',25,'Married',82300.00,7,1,'Yes',12,'No','No','2016-09-09'),
(1886,8,2,3,'Female',40,'Divorced',64900.00,0,13,'No',9,'Yes','No','2023-06-15'),
(1887,1,12,4,'Female',35,'Married',83900.00,3,1,'Yes',19,'Yes','No','2020-09-24'),
(1888,5,21,3,'Male',53,'Single',76900.00,0,1,'No',10,'No','No','2023-10-10'),
(1889,2,19,1,'Female',30,'Single',87500.00,4,12,'No',14,'No','Yes','2019-07-01'),
(1890,4,4,3,'Female',23,'Married',60900.00,1,1,'No',16,'No','No','2022-07-03'),
(1891,7,10,1,'Female',24,'Married',59600.00,6,1,'No',17,'No','No','2017-06-10'),
(1892,3,11,1,'Male',35,'Divorced',77900.00,13,4,'No',14,'No','No','2010-11-20'),
(1893,7,3,3,'Male',34,'Single',87300.00,3,15,'Yes',10,'No','Yes','2020-04-16'),
(1894,3,11,4,'Female',45,'Divorced',86900.00,2,12,'No',13,'No','No','2021-04-29'),
(1895,5,23,2,'Female',20,'Divorced',58000.00,0,23,'Yes',8,'Yes','No','2023-03-23'),
(1896,7,10,3,'Male',30,'Divorced',60100.00,3,6,'Yes',11,'No','No','2020-11-02'),
(1897,2,13,1,'Male',20,'Single',134000.00,2,3,'Yes',8,'No','No','2021-03-20'),
(1898,6,5,1,'Male',27,'Divorced',63800.00,3,1,'Yes',8,'No','No','2020-08-27'),
(1899,6,5,1,'Female',47,'Divorced',60500.00,2,1,'No',10,'No','No','2021-07-25'),
(1900,1,8,3,'Female',38,'Single',53900.00,10,18,'Yes',16,'No','Yes','2013-10-27'),
(1901,3,7,1,'Male',33,'Single',87100.00,3,1,'No',14,'No','No','2020-10-10'),
(1902,5,23,1,'Male',33,'Divorced',67800.00,3,36,'Yes',17,'No','Yes','2020-08-17'),
(1903,3,7,3,'Male',42,'Divorced',96600.00,0,1,'Yes',12,'No','No','2023-05-24'),
(1904,5,21,1,'Female',48,'Divorced',64200.00,1,11,'Yes',6,'No','No','2022-11-17'),
(1905,1,12,1,'Female',27,'Married',54100.00,0,4,'Yes',12,'No','No','2023-06-22'),
(1906,4,1,3,'Male',40,'Married',64000.00,8,16,'Yes',10,'No','No','2015-08-12'),
(1907,6,6,2,'Male',29,'Married',54400.00,3,7,'Yes',12,'No','No','2020-04-04'),
(1908,5,23,1,'Female',40,'Divorced',64700.00,3,14,'Yes',13,'No','Yes','2020-08-18'),
(1909,8,9,1,'Female',30,'Divorced',76200.00,1,2,'No',1,'Yes','No','2022-07-04'),
(1910,7,3,1,'Male',32,'Single',80300.00,14,14,'No',12,'No','No','2009-06-10'),
(1911,1,8,2,'Female',60,'Single',37400.00,4,1,'Yes',15,'No','Yes','2019-03-25'),
(1912,7,10,1,'Female',20,'Divorced',48700.00,1,2,'Yes',14,'No','No','2022-04-04'),
(1913,4,18,1,'Male',43,'Single',84100.00,7,9,'No',10,'No','No','2016-08-30'),
(1914,8,9,1,'Male',29,'Divorced',82300.00,9,4,'No',10,'No','No','2014-10-27'),
(1915,1,8,1,'Male',37,'Single',45800.00,0,2,'No',7,'No','No','2023-11-02'),
(1916,6,15,1,'Male',20,'Divorced',81100.00,0,3,'No',8,'No','Yes','2023-04-13'),
(1917,8,17,3,'Female',41,'Single',86200.00,0,3,'No',13,'No','Yes','2023-12-30'),
(1918,1,8,2,'Male',30,'Single',38700.00,6,7,'Yes',10,'No','No','2017-10-31'),
(1919,7,10,3,'Male',30,'Married',68600.00,4,6,'No',10,'No','No','2019-04-03'),
(1920,6,5,3,'Female',24,'Single',74800.00,6,17,'No',13,'No','No','2017-09-23'),
(1921,4,1,1,'Male',49,'Married',56400.00,7,1,'No',14,'No','No','2016-05-02'),
(1922,6,5,3,'Male',42,'Divorced',66200.00,0,1,'Yes',7,'No','No','2023-06-11'),
(1923,5,21,1,'Male',44,'Single',74400.00,4,14,'No',10,'No','Yes','2019-12-07'),
(1924,1,12,3,'Female',32,'Married',71500.00,9,1,'No',12,'No','No','2014-10-17'),
(1925,2,13,1,'Male',43,'Divorced',133100.00,2,1,'Yes',20,'No','No','2021-11-10'),
(1926,2,13,3,'Female',45,'Single',139900.00,5,1,'Yes',10,'Yes','No','2018-09-26'),
(1927,2,19,1,'Male',37,'Married',97900.00,7,1,'No',16,'No','No','2016-09-06'),
(1928,3,14,2,'Male',36,'Single',65900.00,2,3,'No',11,'No','No','2021-07-06'),
(1929,5,21,2,'Male',33,'Single',75700.00,10,3,'No',12,'No','No','2013-08-13'),
(1930,4,18,4,'Male',31,'Married',97600.00,1,12,'Yes',1,'No','No','2022-10-27'),
(1931,1,12,1,'Female',25,'Divorced',59000.00,2,5,'No',9,'No','No','2021-03-08'),
(1932,5,21,1,'Female',45,'Single',73500.00,3,21,'Yes',8,'No','No','2020-09-26'),
(1933,3,7,2,'Male',40,'Divorced',79800.00,5,7,'No',24,'No','No','2018-09-21'),
(1934,2,22,1,'Male',40,'Divorced',80200.00,2,1,'No',2,'No','No','2021-11-02'),
(1935,5,21,1,'Male',41,'Single',72400.00,1,1,'Yes',11,'No','Yes','2022-08-06'),
(1936,8,9,4,'Male',22,'Married',96500.00,1,13,'No',17,'No','No','2022-11-24'),
(1937,2,19,1,'Female',28,'Married',94600.00,1,7,'No',9,'Yes','No','2022-03-15'),
(1938,3,7,3,'Female',35,'Married',120300.00,4,4,'No',13,'Yes','No','2019-09-12'),
(1939,6,6,1,'Male',36,'Divorced',57600.00,0,2,'Yes',2,'No','Yes','2023-08-12'),
(1940,2,16,2,'Female',20,'Single',107200.00,2,14,'No',6,'No','Yes','2021-06-27'),
(1941,1,8,3,'Female',23,'Single',56200.00,5,1,'No',12,'No','No','2018-12-04'),
(1942,8,17,4,'Male',43,'Single',94700.00,3,7,'No',5,'No','No','2020-03-09'),
(1943,4,4,1,'Female',49,'Divorced',51400.00,1,1,'No',18,'No','No','2022-09-11'),
(1944,1,12,3,'Male',30,'Married',79800.00,5,3,'Yes',4,'No','No','2018-06-28'),
(1945,2,19,1,'Male',45,'Single',98400.00,5,1,'Yes',10,'No','No','2018-08-11'),
(1946,8,17,1,'Male',41,'Divorced',78300.00,1,4,'Yes',10,'No','Yes','2022-05-14'),
(1947,5,21,1,'Female',31,'Single',75900.00,2,11,'No',13,'Yes','No','2021-12-26'),
(1948,8,2,2,'Male',35,'Divorced',47200.00,3,1,'No',5,'Yes','No','2020-11-08'),
(1949,1,8,1,'Male',40,'Married',49800.00,6,17,'No',18,'No','No','2017-08-31'),
(1950,8,9,3,'Female',35,'Single',94900.00,4,1,'Yes',12,'No','Yes','2019-06-04'),
(1951,2,22,2,'Female',43,'Single',95700.00,17,1,'No',16,'No','No','2006-06-23'),
(1952,4,18,1,'Male',36,'Married',87700.00,18,1,'No',10,'Yes','No','2005-11-23'),
(1953,8,9,1,'Male',22,'Single',74600.00,0,2,'No',13,'No','No','2023-07-31'),
(1954,6,15,1,'Female',36,'Married',87600.00,1,1,'No',9,'No','No','2022-11-23'),
(1955,8,2,1,'Female',44,'Married',64700.00,5,10,'No',12,'No','No','2018-11-29'),
(1956,4,4,3,'Male',42,'Married',57800.00,0,5,'No',8,'No','Yes','2023-07-22'),
(1957,7,3,4,'Male',34,'Divorced',113200.00,15,4,'No',14,'No','No','2008-09-01'),
(1958,5,23,1,'Male',48,'Divorced',67800.00,1,1,'No',8,'No','No','2022-05-31'),
(1959,3,7,1,'Male',41,'Single',84600.00,1,5,'No',14,'No','No','2022-11-06'),
(1960,8,17,3,'Male',41,'Single',111900.00,12,12,'No',12,'No','No','2011-06-03'),
(1961,3,11,2,'Female',38,'Divorced',57900.00,3,14,'No',10,'Yes','No','2020-05-29'),
(1962,1,8,3,'Female',29,'Divorced',51900.00,1,14,'No',16,'No','Yes','2022-11-22'),
(1963,3,11,3,'Male',43,'Single',80600.00,13,1,'No',15,'No','No','2010-08-04'),
(1964,7,3,1,'Female',24,'Single',67500.00,6,13,'No',13,'No','No','2017-12-17'),
(1965,2,13,3,'Male',27,'Married',145100.00,4,1,'No',4,'No','No','2019-04-21'),
(1966,6,6,4,'Male',28,'Single',80100.00,3,1,'No',17,'Yes','No','2020-09-15'),
(1967,5,20,1,'Male',28,'Divorced',98100.00,1,1,'No',17,'No','Yes','2022-05-02'),
(1968,1,12,1,'Female',26,'Divorced',60900.00,4,1,'No',4,'Yes','No','2019-07-01'),
(1969,1,8,1,'Male',36,'Single',47300.00,12,3,'No',15,'No','No','2011-03-28'),
(1970,3,7,1,'Female',36,'Divorced',115400.00,14,4,'No',9,'No','No','2009-12-12'),
(1971,8,17,1,'Male',29,'Married',82700.00,1,4,'No',8,'No','No','2022-06-15'),
(1972,1,8,2,'Female',21,'Divorced',41500.00,3,2,'No',10,'No','No','2020-12-20'),
(1973,5,23,3,'Female',36,'Single',83300.00,3,3,'No',12,'No','No','2020-09-05'),
(1974,3,7,3,'Female',47,'Divorced',96900.00,0,2,'No',12,'No','No','2023-07-11'),
(1975,7,10,1,'Male',38,'Married',47900.00,1,1,'Yes',8,'No','No','2022-09-01'),
(1976,3,7,4,'Female',40,'Married',121900.00,2,4,'Yes',13,'No','Yes','2021-07-27'),
(1977,4,18,1,'Male',60,'Single',73300.00,8,13,'Yes',14,'No','No','2015-11-28'),
(1978,2,19,1,'Male',51,'Married',91000.00,6,5,'No',8,'Yes','No','2017-03-17'),
(1979,7,10,1,'Male',22,'Divorced',56100.00,4,1,'No',18,'No','No','2019-07-26'),
(1980,1,8,1,'Female',32,'Divorced',46400.00,7,4,'Yes',14,'Yes','No','2016-08-30'),
(1981,8,2,1,'Female',42,'Married',59000.00,0,3,'No',9,'No','No','2023-11-15'),
(1982,1,12,1,'Male',28,'Single',57600.00,2,2,'Yes',10,'No','No','2021-06-12'),
(1983,5,21,2,'Male',20,'Divorced',66100.00,2,17,'No',8,'No','No','2021-08-12'),
(1984,7,10,4,'Male',45,'Single',68600.00,6,13,'No',8,'No','Yes','2017-06-22'),
(1985,8,17,4,'Female',22,'Single',106700.00,4,8,'No',14,'No','No','2019-08-17'),
(1986,6,6,1,'Male',31,'Single',70050.00,1,1,'No',3,'No','No','2022-04-08'),
(1987,3,7,1,'Female',29,'Married',103800.00,5,6,'No',15,'No','No','2018-07-08'),
(1988,5,23,3,'Male',46,'Divorced',85500.00,2,10,'No',5,'No','No','2021-12-27'),
(1989,3,11,3,'Female',21,'Divorced',83100.00,3,21,'No',20,'No','No','2020-07-23'),
(1990,8,2,4,'Female',40,'Married',76600.00,11,13,'Yes',8,'No','No','2012-04-12'),
(1991,8,17,3,'Female',32,'Divorced',87400.00,0,2,'No',15,'Yes','Yes','2023-09-27'),
(1992,5,20,1,'Male',28,'Married',101400.00,0,1,'Yes',6,'No','Yes','2023-12-25'),
(1993,1,12,3,'Male',29,'Single',83600.00,11,4,'No',8,'No','No','2012-06-07'),
(1994,1,12,1,'Female',30,'Married',67900.00,4,15,'Yes',8,'No','Yes','2019-10-04'),
(1995,2,19,3,'Male',36,'Married',111400.00,5,39,'No',5,'No','No','2018-11-13'),
(1996,4,1,2,'Male',28,'Single',61400.00,4,6,'No',11,'No','No','2019-11-12'),
(1997,7,10,3,'Female',28,'Married',57200.00,0,12,'No',13,'No','Yes','2023-10-30'),
(1998,1,12,3,'Male',32,'Divorced',63300.00,1,1,'No',15,'No','No','2022-04-17'),
(1999,6,15,1,'Female',20,'Married',82900.00,2,36,'No',11,'No','Yes','2021-12-16'),
(2000,8,2,1,'Male',30,'Divorced',57500.00,3,16,'No',8,'No','No','2020-05-26'),
(2001,3,7,1,'Female',35,'Single',97900.00,8,4,'No',10,'Yes','No','2015-06-18'),
(2002,2,19,1,'Female',20,'Single',94200.00,1,5,'No',10,'No','Yes','2022-03-12'),
(2003,5,20,3,'Female',33,'Married',119500.00,2,10,'Yes',4,'No','Yes','2021-10-15'),
(2004,8,9,4,'Female',27,'Married',107200.00,1,1,'Yes',17,'No','No','2022-07-02'),
(2005,2,13,1,'Female',38,'Single',124900.00,3,29,'No',9,'No','No','2020-08-21'),
(2006,8,17,1,'Male',39,'Divorced',80900.00,1,1,'No',11,'No','Yes','2022-10-31'),
(2007,4,1,3,'Male',42,'Married',62400.00,11,3,'No',7,'No','No','2012-11-13'),
(2008,7,10,1,'Male',38,'Single',70700.00,17,4,'No',6,'Yes','No','2006-05-20'),
(2009,2,13,4,'Male',28,'Divorced',170600.00,1,19,'No',16,'No','Yes','2022-07-08'),
(2010,7,10,3,'Male',21,'Single',65700.00,1,19,'No',12,'No','No','2022-10-15'),
(2011,3,14,1,'Male',20,'Single',62700.00,2,6,'Yes',12,'No','No','2021-08-14'),
(2012,7,10,1,'Female',40,'Married',53200.00,0,4,'No',10,'No','No','2023-06-11'),
(2013,3,14,3,'Male',30,'Married',78700.00,7,11,'No',9,'No','No','2016-03-08'),
(2014,6,5,4,'Female',25,'Married',85800.00,3,5,'No',10,'No','No','2020-11-07'),
(2015,5,23,1,'Male',43,'Single',79400.00,13,5,'No',6,'No','No','2010-08-28'),
(2016,5,23,3,'Female',31,'Divorced',72000.00,1,1,'No',15,'Yes','Yes','2022-07-20'),
(2017,5,21,2,'Male',41,'Married',69200.00,9,4,'Yes',9,'Yes','No','2014-12-29'),
(2018,1,8,3,'Male',26,'Divorced',47100.00,0,4,'Yes',15,'Yes','Yes','2023-09-12'),
(2019,4,4,3,'Male',37,'Married',55300.00,4,4,'Yes',17,'No','No','2019-05-25'),
(2020,1,12,2,'Male',44,'Single',54800.00,5,1,'No',8,'Yes','No','2018-10-07'),
(2021,1,12,2,'Male',34,'Divorced',56600.00,1,5,'No',15,'No','No','2022-06-09'),
(2022,8,9,2,'Female',29,'Single',82500.00,10,11,'No',9,'No','No','2013-08-02'),
(2023,6,15,1,'Female',31,'Married',84400.00,10,11,'No',1,'Yes','Yes','2013-05-16'),
(2024,7,10,4,'Female',23,'Single',67500.00,0,9,'Yes',3,'No','Yes','2023-07-20'),
(2025,5,21,1,'Male',35,'Married',69600.00,3,24,'No',6,'Yes','No','2020-12-06'),
(2026,6,5,1,'Male',43,'Married',80600.00,0,5,'No',7,'No','No','2023-10-06'),
(2027,2,19,1,'Male',38,'Divorced',83500.00,0,6,'No',18,'No','No','2023-05-18'),
(2028,4,4,3,'Male',31,'Married',67900.00,8,14,'No',12,'Yes','No','2015-08-21'),
(2029,6,6,3,'Male',30,'Divorced',68300.00,2,1,'No',8,'No','No','2021-11-24'),
(2030,7,10,3,'Male',27,'Married',64900.00,0,19,'Yes',15,'No','Yes','2023-04-06'),
(2031,1,12,3,'Female',45,'Single',63400.00,0,14,'No',9,'No','No','2023-05-15'),
(2032,3,14,1,'Male',46,'Married',67400.00,2,13,'No',8,'No','No','2021-05-10'),
(2033,4,4,2,'Male',27,'Married',50500.00,3,2,'Yes',11,'No','No','2020-08-19'),
(2034,4,4,1,'Male',29,'Divorced',55100.00,6,5,'No',17,'No','No','2017-06-27'),
(2035,4,1,3,'Female',25,'Married',59100.00,5,7,'Yes',6,'No','Yes','2018-04-25'),
(2036,5,21,3,'Female',54,'Single',84600.00,9,8,'Yes',2,'No','No','2014-09-03'),
(2037,4,4,1,'Male',30,'Divorced',50000.00,5,21,'No',17,'Yes','No','2018-08-18'),
(2038,7,10,1,'Male',28,'Divorced',48900.00,0,5,'No',11,'Yes','No','2023-04-19'),
(2039,7,3,3,'Female',34,'Divorced',80800.00,3,12,'Yes',13,'No','Yes','2020-10-21'),
(2040,8,9,1,'Male',32,'Married',98900.00,12,12,'No',12,'No','No','2011-12-31'),
(2041,1,12,1,'Female',37,'Single',58800.00,0,1,'Yes',10,'No','Yes','2023-08-06'),
(2042,3,7,3,'Male',24,'Married',110400.00,2,1,'No',8,'No','No','2021-07-06'),
(2043,6,6,1,'Male',52,'Married',64400.00,4,3,'No',10,'No','No','2019-04-30'),
(2044,4,18,3,'Female',48,'Married',86600.00,3,1,'No',15,'Yes','No','2020-04-22'),
(2045,8,2,3,'Female',28,'Single',66400.00,2,14,'No',6,'No','No','2021-11-07'),
(2046,6,6,3,'Female',41,'Divorced',60400.00,0,4,'Yes',10,'No','No','2023-07-16'),
(2047,5,20,4,'Male',38,'Single',119600.00,2,5,'No',12,'No','No','2021-10-31'),
(2048,5,23,3,'Female',31,'Single',89600.00,4,16,'No',7,'No','No','2019-05-09'),
(2049,2,16,3,'Female',30,'Married',130800.00,0,3,'Yes',11,'No','Yes','2023-09-12'),
(2050,6,6,1,'Male',36,'Married',62700.00,3,10,'No',6,'No','Yes','2020-07-06'),
(2051,6,6,3,'Female',37,'Single',66300.00,5,23,'No',13,'No','Yes','2018-05-26'),
(2052,4,18,1,'Male',30,'Divorced',77200.00,1,1,'No',15,'No','No','2022-11-12'),
(2053,6,15,1,'Female',53,'Married',82600.00,7,26,'No',10,'No','Yes','2016-08-27'),
(2054,2,19,1,'Male',39,'Divorced',95500.00,8,6,'No',10,'No','No','2015-05-25'),
(2055,4,1,3,'Male',29,'Divorced',63400.00,4,9,'No',5,'No','No','2019-06-01'),
(2056,5,23,3,'Male',32,'Married',79100.00,1,11,'Yes',15,'No','Yes','2022-08-30'),
(2057,1,8,3,'Female',34,'Single',63100.00,16,1,'No',5,'No','No','2008-01-02'),
(2058,7,3,2,'Female',35,'Divorced',71300.00,2,20,'Yes',14,'No','No','2021-03-18'),
(2059,7,3,1,'Female',20,'Divorced',76600.00,2,6,'No',17,'Yes','No','2021-10-20'),
(2060,7,10,3,'Male',20,'Married',67500.00,0,11,'No',12,'No','No','2023-04-28'),
(2061,3,11,1,'Male',26,'Divorced',62700.00,3,21,'Yes',9,'No','Yes','2020-04-18'),
(2062,7,3,1,'Male',28,'Single',73200.00,2,1,'No',17,'No','No','2021-05-22'),
(2063,4,18,2,'Male',35,'Divorced',64400.00,0,6,'No',13,'No','Yes','2023-03-28'),
(2064,3,14,1,'Male',36,'Divorced',83500.00,12,2,'No',10,'No','No','2011-11-11'),
(2065,7,3,1,'Female',34,'Single',72000.00,0,1,'No',3,'No','Yes','2023-05-19'),
(2066,8,17,1,'Female',39,'Married',82300.00,3,4,'Yes',15,'No','Yes','2020-04-19'),
(2067,3,14,1,'Female',35,'Single',60000.00,1,8,'No',11,'No','No','2022-07-12'),
(2068,7,10,3,'Male',36,'Married',71700.00,8,18,'Yes',13,'No','No','2015-05-07'),
(2069,2,16,1,'Male',40,'Married',108100.00,0,10,'No',5,'Yes','No','2023-12-17'),
(2070,2,13,1,'Male',31,'Married',124900.00,1,3,'No',2,'No','No','2022-09-02'),
(2071,4,1,1,'Female',36,'Single',48600.00,5,4,'Yes',10,'Yes','No','2018-11-26'),
(2072,7,3,3,'Female',41,'Married',88000.00,0,1,'Yes',19,'Yes','No','2023-03-14'),
(2073,3,11,1,'Male',38,'Married',66000.00,1,6,'No',12,'No','No','2022-09-25'),
(2074,4,4,4,'Male',34,'Single',77100.00,9,30,'No',11,'No','No','2014-06-09'),
(2075,4,18,3,'Male',34,'Divorced',85200.00,2,1,'No',5,'Yes','No','2021-05-04'),
(2076,1,12,3,'Female',30,'Single',70600.00,10,1,'No',9,'No','No','2013-03-18'),
(2077,4,1,1,'Female',35,'Single',49400.00,1,1,'Yes',9,'Yes','No','2022-08-06'),
(2078,6,15,2,'Female',52,'Married',83900.00,14,9,'Yes',23,'No','No','2009-04-23'),
(2079,6,15,1,'Female',41,'Divorced',83600.00,1,1,'No',3,'No','No','2022-12-17'),
(2080,8,17,1,'Male',37,'Single',71100.00,1,6,'Yes',6,'No','No','2022-12-01'),
(2081,3,14,4,'Male',33,'Divorced',90600.00,5,5,'No',10,'Yes','No','2018-11-27'),
(2082,5,20,4,'Female',20,'Married',132700.00,2,1,'No',13,'Yes','No','2021-12-14'),
(2083,7,10,1,'Female',60,'Single',54700.00,0,33,'Yes',13,'No','Yes','2023-09-23'),
(2084,5,20,2,'Female',41,'Married',90300.00,3,3,'No',16,'No','No','2020-05-28'),
(2085,2,22,3,'Male',59,'Married',107200.00,1,8,'No',8,'No','No','2022-09-02'),
(2086,3,11,1,'Female',37,'Divorced',63700.00,4,4,'No',8,'Yes','No','2019-08-28'),
(2087,8,2,1,'Male',27,'Married',53000.00,2,34,'No',19,'No','No','2021-08-05'),
(2088,2,19,1,'Male',40,'Married',79300.00,1,1,'No',8,'No','Yes','2022-07-03'),
(2089,3,14,4,'Female',36,'Married',78200.00,1,1,'No',13,'No','No','2022-07-22'),
(2090,4,1,1,'Male',40,'Married',46300.00,1,4,'Yes',19,'Yes','Yes','2022-04-10'),
(2091,3,14,1,'Female',23,'Single',76500.00,5,1,'Yes',6,'No','No','2018-05-15'),
(2092,4,1,2,'Male',51,'Married',44100.00,2,6,'No',17,'No','No','2021-06-19'),
(2093,7,10,1,'Female',26,'Single',54200.00,0,1,'No',8,'No','No','2023-07-29'),
(2094,8,9,4,'Female',49,'Married',102500.00,2,2,'No',10,'No','No','2021-09-13'),
(2095,8,17,3,'Female',46,'Divorced',89200.00,1,1,'No',11,'No','No','2022-03-24'),
(2096,5,20,1,'Female',36,'Divorced',79200.00,1,1,'No',8,'No','No','2022-04-11'),
(2097,6,5,1,'Female',35,'Single',70050.00,2,6,'Yes',15,'No','Yes','2021-08-14'),
(2098,4,1,1,'Female',23,'Single',50400.00,0,7,'No',10,'No','No','2023-12-26'),
(2099,4,18,1,'Female',21,'Single',67600.00,1,5,'No',14,'Yes','Yes','2022-12-14'),
(2100,1,12,3,'Female',32,'Divorced',67900.00,2,8,'No',10,'No','No','2021-07-25'),
(2101,4,18,3,'Male',20,'Married',75300.00,2,16,'Yes',2,'No','No','2021-12-07'),
(2102,3,11,1,'Female',37,'Married',70200.00,3,1,'No',9,'No','Yes','2020-12-01'),
(2103,6,15,3,'Male',33,'Divorced',99600.00,2,4,'No',12,'No','No','2021-11-23'),
(2104,7,10,1,'Male',39,'Married',53700.00,8,6,'No',7,'Yes','No','2015-05-30'),
(2105,6,5,3,'Male',40,'Married',74300.00,3,1,'No',12,'No','No','2020-08-04'),
(2106,8,2,1,'Male',25,'Divorced',59700.00,7,21,'Yes',5,'No','No','2016-04-16'),
(2107,1,8,3,'Male',45,'Single',46500.00,1,12,'No',11,'Yes','No','2022-11-23'),
(2108,3,7,3,'Male',30,'Married',110700.00,3,7,'No',17,'No','No','2020-12-06'),
(2109,7,3,1,'Male',46,'Single',74500.00,5,1,'No',10,'No','No','2018-09-06'),
(2110,7,3,1,'Female',31,'Divorced',81300.00,3,3,'No',14,'Yes','No','2020-03-21'),
(2111,4,18,3,'Female',20,'Married',74500.00,1,7,'Yes',14,'No','No','2022-04-01'),
(2112,3,14,3,'Female',30,'Married',88700.00,6,5,'No',8,'No','No','2017-04-19'),
(2113,2,19,3,'Female',27,'Married',99400.00,1,6,'Yes',14,'No','Yes','2022-03-24'),
(2114,7,10,2,'Male',42,'Divorced',46400.00,5,17,'Yes',19,'No','Yes','2018-04-06'),
(2115,5,23,1,'Male',41,'Divorced',71300.00,0,1,'No',13,'No','No','2023-07-13'),
(2116,4,4,3,'Male',24,'Married',67900.00,6,4,'No',16,'No','No','2017-05-24'),
(2117,6,15,3,'Female',52,'Divorced',100600.00,2,5,'No',13,'Yes','No','2021-12-29'),
(2118,1,12,1,'Male',41,'Married',63300.00,11,1,'Yes',7,'No','No','2012-04-26'),
(2119,1,8,3,'Female',42,'Married',50700.00,1,1,'No',6,'No','No','2022-10-20'),
(2120,8,9,3,'Female',45,'Married',86500.00,1,4,'No',9,'No','No','2022-08-09'),
(2121,2,22,1,'Male',45,'Single',105400.00,17,15,'No',7,'No','No','2006-11-12'),
(2122,3,7,2,'Male',37,'Divorced',88300.00,5,4,'No',13,'No','Yes','2018-04-01'),
(2123,3,11,3,'Male',37,'Married',79700.00,3,3,'No',11,'No','No','2020-04-10'),
(2124,2,19,1,'Male',32,'Single',82100.00,4,3,'No',10,'Yes','No','2019-10-24'),
(2125,6,6,4,'Female',20,'Divorced',78300.00,0,5,'No',9,'No','No','2023-04-17'),
(2126,1,12,3,'Male',25,'Single',65500.00,4,11,'No',14,'No','No','2019-05-26'),
(2127,4,4,1,'Female',43,'Divorced',53700.00,3,1,'No',17,'No','No','2020-12-28'),
(2128,3,11,3,'Female',40,'Single',75900.00,3,9,'Yes',6,'No','Yes','2020-04-22'),
(2129,6,5,3,'Male',31,'Divorced',74600.00,7,17,'No',19,'Yes','Yes','2016-03-23'),
(2130,3,7,1,'Male',60,'Married',101300.00,4,5,'No',14,'No','No','2019-04-06'),
(2131,2,16,3,'Female',36,'Married',143500.00,6,2,'No',10,'No','No','2017-05-01'),
(2132,6,5,4,'Male',39,'Married',86900.00,4,9,'No',18,'Yes','No','2019-05-30'),
(2133,4,1,1,'Male',23,'Divorced',56400.00,5,8,'No',10,'No','Yes','2018-04-27'),
(2134,5,20,1,'Male',33,'Married',96200.00,0,14,'Yes',18,'No','No','2023-07-23'),
(2135,5,23,1,'Female',34,'Single',68300.00,1,1,'Yes',11,'No','No','2022-12-09'),
(2136,6,15,3,'Male',41,'Single',124100.00,21,1,'No',12,'No','No','2002-07-22'),
(2137,2,22,2,'Female',33,'Divorced',92200.00,13,5,'No',14,'No','No','2010-12-03'),
(2138,8,9,1,'Male',37,'Divorced',80700.00,1,1,'No',9,'No','No','2022-10-11'),
(2139,1,12,3,'Male',26,'Single',72100.00,3,1,'Yes',8,'No','Yes','2020-11-10'),
(2140,5,23,1,'Male',44,'Divorced',68100.00,5,4,'No',13,'No','Yes','2018-10-31'),
(2141,5,20,3,'Male',42,'Single',119600.00,1,17,'Yes',13,'No','No','2022-06-03'),
(2142,8,2,1,'Female',23,'Single',53800.00,0,7,'No',17,'Yes','No','2023-07-26'),
(2143,1,12,2,'Male',27,'Single',55200.00,0,5,'Yes',7,'No','No','2023-06-23'),
(2144,6,15,4,'Male',42,'Married',103600.00,1,5,'No',12,'No','No','2022-06-20'),
(2145,8,17,4,'Female',30,'Divorced',103900.00,10,23,'Yes',3,'No','Yes','2013-06-14'),
(2146,3,14,3,'Male',33,'Married',79800.00,12,1,'Yes',20,'Yes','No','2011-03-23'),
(2147,2,13,1,'Female',52,'Single',116800.00,6,22,'No',10,'No','No','2017-03-18'),
(2148,3,11,1,'Female',29,'Married',59900.00,1,1,'No',10,'No','Yes','2022-06-07'),
(2149,8,17,3,'Female',41,'Divorced',81300.00,1,2,'No',6,'Yes','No','2022-05-10'),
(2150,7,10,1,'Female',31,'Single',51700.00,3,3,'No',15,'No','Yes','2020-10-08'),
(2151,3,14,1,'Female',49,'Married',72800.00,3,23,'Yes',14,'No','No','2020-03-27'),
(2152,5,23,1,'Male',20,'Divorced',63900.00,0,16,'No',10,'No','No','2023-06-25'),
(2153,2,13,3,'Male',33,'Divorced',150600.00,4,3,'No',12,'No','No','2019-09-17'),
(2154,1,8,3,'Male',44,'Married',45400.00,2,7,'No',11,'No','No','2021-12-30'),
(2155,6,6,3,'Male',34,'Married',60200.00,0,2,'Yes',15,'No','No','2023-11-28'),
(2156,1,8,2,'Male',41,'Married',38300.00,1,2,'No',5,'No','No','2022-07-29'),
(2157,1,12,3,'Female',32,'Single',63500.00,0,1,'Yes',6,'No','Yes','2023-08-11'),
(2158,2,16,1,'Female',44,'Married',141900.00,18,1,'No',6,'No','No','2005-08-17'),
(2159,7,10,3,'Male',55,'Single',62800.00,5,8,'No',20,'Yes','No','2018-05-04'),
(2160,8,17,4,'Male',20,'Married',95000.00,2,4,'No',14,'No','No','2021-11-02'),
(2161,3,7,3,'Male',26,'Married',104700.00,0,12,'No',10,'No','No','2023-09-14'),
(2162,2,16,3,'Female',20,'Married',146800.00,2,17,'No',11,'Yes','No','2021-05-24'),
(2163,1,8,1,'Male',22,'Divorced',45200.00,1,1,'No',10,'No','No','2022-09-26'),
(2164,5,23,3,'Male',46,'Married',87900.00,3,1,'No',2,'No','Yes','2020-07-17'),
(2165,4,18,1,'Female',28,'Married',68800.00,0,8,'Yes',8,'No','Yes','2023-12-10'),
(2166,6,15,4,'Female',40,'Divorced',114900.00,0,15,'No',10,'No','No','2023-04-25'),
(2167,2,19,3,'Female',29,'Single',115400.00,8,7,'Yes',7,'No','Yes','2015-10-17'),
(2168,2,13,3,'Male',27,'Married',137100.00,0,5,'No',16,'No','Yes','2023-03-29'),
(2169,6,5,3,'Female',47,'Divorced',72500.00,11,3,'No',13,'No','No','2012-03-09'),
(2170,1,8,1,'Female',35,'Divorced',49700.00,6,1,'Yes',9,'No','Yes','2017-10-19'),
(2171,6,5,2,'Male',35,'Divorced',59800.00,5,1,'No',8,'No','No','2019-01-01'),
(2172,6,15,1,'Female',31,'Divorced',86500.00,3,18,'Yes',10,'Yes','No','2020-11-16'),
(2173,2,22,3,'Male',24,'Single',112000.00,6,10,'No',8,'No','No','2017-11-22'),
(2174,3,14,3,'Female',40,'Single',78700.00,1,12,'No',6,'No','No','2022-06-21'),
(2175,6,5,3,'Male',32,'Single',78700.00,7,8,'Yes',8,'No','Yes','2016-08-23'),
(2176,7,3,1,'Male',26,'Divorced',68200.00,1,4,'No',9,'No','No','2022-10-06'),
(2177,8,9,1,'Male',43,'Divorced',83500.00,0,6,'No',17,'No','No','2023-08-07'),
(2178,3,14,1,'Female',28,'Married',68500.00,1,2,'Yes',8,'No','No','2022-05-07'),
(2179,6,5,1,'Female',44,'Married',62000.00,3,4,'Yes',11,'No','No','2020-06-22'),
(2180,8,17,3,'Female',43,'Single',106600.00,9,4,'Yes',10,'Yes','No','2014-11-13'),
(2181,2,16,1,'Male',30,'Single',132000.00,3,3,'No',6,'No','No','2020-05-24'),
(2182,5,23,1,'Female',41,'Married',72000.00,0,15,'No',10,'Yes','No','2023-09-04'),
(2183,4,18,1,'Male',36,'Divorced',84800.00,18,1,'Yes',10,'No','No','2005-04-12'),
(2184,3,7,1,'Female',51,'Single',94800.00,0,4,'No',14,'No','No','2023-07-08'),
(2185,7,3,2,'Male',24,'Single',67500.00,3,7,'No',11,'No','Yes','2020-09-19'),
(2186,5,21,1,'Female',31,'Married',69300.00,2,4,'Yes',19,'Yes','Yes','2021-03-26'),
(2187,5,20,1,'Male',43,'Married',101300.00,8,7,'No',4,'Yes','No','2015-10-30'),
(2188,1,8,1,'Male',45,'Divorced',42300.00,3,1,'No',10,'No','No','2020-11-26'),
(2189,1,12,4,'Female',45,'Divorced',97900.00,15,1,'Yes',20,'No','Yes','2008-04-23'),
(2190,8,9,1,'Female',22,'Single',82100.00,4,7,'Yes',6,'No','Yes','2019-05-25'),
(2191,4,18,1,'Male',30,'Married',80000.00,8,1,'No',18,'Yes','No','2015-06-02'),
(2192,2,13,1,'Male',34,'Single',131500.00,7,2,'No',18,'No','No','2016-06-09'),
(2193,8,2,3,'Male',26,'Married',63600.00,0,2,'Yes',8,'No','No','2023-05-30'),
(2194,8,17,3,'Male',37,'Married',91100.00,5,7,'No',9,'No','No','2018-04-04'),
(2195,1,8,4,'Female',34,'Married',53600.00,5,4,'No',12,'Yes','No','2018-08-23'),
(2196,3,7,3,'Female',39,'Single',98200.00,1,3,'No',17,'No','Yes','2022-05-11'),
(2197,1,8,3,'Female',39,'Married',46600.00,1,6,'No',14,'Yes','No','2022-08-18'),
(2198,2,16,2,'Male',27,'Divorced',108200.00,2,5,'Yes',7,'No','Yes','2021-04-04'),
(2199,5,21,1,'Male',21,'Single',70500.00,0,4,'No',14,'No','No','2023-05-12'),
(2200,3,7,3,'Female',30,'Married',116900.00,8,2,'No',6,'No','Yes','2015-11-13'),
(2201,5,20,2,'Female',42,'Divorced',78700.00,0,1,'No',10,'Yes','No','2023-08-23'),
(2202,4,18,3,'Female',29,'Married',94200.00,11,4,'No',10,'No','No','2012-12-09'),
(2203,1,12,4,'Male',25,'Divorced',75800.00,2,9,'No',14,'No','No','2021-06-11'),
(2204,2,16,1,'Male',20,'Married',111400.00,0,3,'No',11,'No','Yes','2023-07-23'),
(2205,4,1,3,'Male',24,'Divorced',52400.00,0,2,'No',10,'No','No','2023-05-31'),
(2206,1,12,3,'Male',31,'Married',67500.00,7,5,'No',15,'No','No','2016-04-22'),
(2207,3,7,3,'Female',20,'Single',111200.00,1,16,'No',10,'No','No','2022-04-27'),
(2208,1,8,4,'Male',41,'Married',56300.00,4,5,'No',8,'No','No','2019-10-15'),
(2209,2,16,1,'Female',32,'Married',133900.00,7,1,'No',19,'Yes','No','2016-04-02'),
(2210,2,19,3,'Female',38,'Single',110800.00,7,9,'Yes',8,'No','Yes','2016-10-13'),
(2211,5,20,3,'Male',34,'Divorced',116600.00,2,1,'Yes',15,'No','No','2021-07-23'),
(2212,5,21,1,'Female',36,'Married',81500.00,7,15,'Yes',19,'No','No','2017-01-01'),
(2213,1,12,3,'Female',46,'Divorced',63300.00,0,11,'No',17,'No','No','2023-12-18'),
(2214,3,11,1,'Female',20,'Divorced',64800.00,2,10,'No',22,'No','No','2021-08-27'),
(2215,2,19,4,'Female',20,'Divorced',103000.00,2,3,'No',15,'No','No','2021-09-25'),
(2216,2,19,3,'Male',20,'Divorced',99500.00,2,9,'No',12,'No','No','2021-12-17'),
(2217,3,7,1,'Male',40,'Single',99200.00,4,1,'No',13,'No','No','2019-11-07'),
(2218,1,8,3,'Male',35,'Divorced',51100.00,1,3,'Yes',10,'No','No','2022-05-06'),
(2219,5,21,4,'Female',37,'Divorced',88100.00,3,1,'Yes',5,'No','No','2020-04-03'),
(2220,8,17,3,'Male',49,'Married',96500.00,1,5,'No',13,'Yes','No','2022-06-11'),
(2221,7,3,1,'Female',38,'Divorced',73000.00,1,1,'No',11,'Yes','Yes','2022-06-04'),
(2222,1,8,3,'Female',36,'Single',60400.00,11,7,'No',11,'No','No','2012-04-27'),
(2223,3,14,3,'Male',32,'Married',82000.00,7,22,'No',1,'No','No','2016-10-23'),
(2224,2,16,3,'Male',25,'Divorced',160900.00,7,5,'No',12,'Yes','No','2016-07-30'),
(2225,7,3,1,'Female',54,'Single',74200.00,8,15,'Yes',6,'No','No','2015-09-09'),
(2226,8,2,1,'Female',36,'Married',53400.00,1,1,'No',12,'No','No','2022-06-08'),
(2227,7,10,3,'Female',32,'Divorced',60100.00,1,5,'No',10,'No','No','2022-04-28'),
(2228,2,19,3,'Male',48,'Single',110600.00,7,10,'No',7,'No','No','2016-08-13'),
(2229,4,4,1,'Male',20,'Divorced',47300.00,0,6,'No',14,'No','No','2023-04-08'),
(2230,3,7,3,'Male',20,'Single',108100.00,0,5,'No',14,'No','No','2023-04-03'),
(2231,4,1,1,'Male',27,'Divorced',48700.00,4,25,'Yes',15,'No','No','2019-09-08'),
(2232,7,10,3,'Male',41,'Single',66400.00,6,25,'No',11,'No','No','2017-10-27'),
(2233,6,5,1,'Male',41,'Married',62000.00,4,4,'No',12,'No','No','2019-07-23'),
(2234,4,1,1,'Male',20,'Single',51000.00,2,1,'No',11,'No','No','2021-03-16'),
(2235,8,9,4,'Male',38,'Married',102900.00,7,6,'No',8,'No','No','2016-05-14'),
(2236,8,17,3,'Female',28,'Single',82000.00,0,34,'No',10,'No','No','2023-08-01'),
(2237,6,6,1,'Male',28,'Married',59900.00,1,1,'No',10,'No','Yes','2022-09-30'),
(2238,7,10,4,'Male',20,'Single',69500.00,0,1,'Yes',9,'No','No','2023-11-14'),
(2239,7,3,1,'Female',26,'Single',75600.00,0,6,'No',14,'No','No','2023-07-22'),
(2240,7,10,4,'Female',44,'Divorced',70200.00,0,1,'Yes',11,'No','Yes','2023-10-06'),
(2241,2,13,1,'Male',23,'Divorced',123600.00,5,26,'No',10,'No','No','2018-08-21'),
(2242,7,3,1,'Male',39,'Divorced',89600.00,8,5,'No',5,'No','No','2015-06-04'),
(2243,8,17,1,'Male',28,'Single',74100.00,2,16,'No',10,'Yes','No','2021-09-20'),
(2244,3,7,1,'Female',37,'Married',100800.00,5,21,'No',11,'No','No','2018-09-22'),
(2245,3,7,3,'Male',43,'Single',104900.00,0,2,'Yes',13,'No','No','2023-05-06'),
(2246,8,9,4,'Male',30,'Single',99500.00,0,3,'No',12,'No','No','2023-11-11'),
(2247,8,9,1,'Male',20,'Married',85500.00,1,1,'Yes',15,'No','Yes','2022-07-19'),
(2248,5,21,3,'Female',36,'Divorced',74400.00,1,9,'Yes',15,'No','Yes','2022-08-21'),
(2249,6,6,3,'Male',24,'Divorced',78900.00,6,4,'No',11,'No','No','2017-05-19'),
(2250,3,11,1,'Male',45,'Single',62400.00,2,1,'No',2,'No','No','2021-12-21'),
(2251,2,22,1,'Female',48,'Single',93800.00,5,19,'No',12,'No','No','2018-06-25'),
(2252,8,9,2,'Male',31,'Married',77200.00,7,17,'No',10,'No','No','2016-11-29'),
(2253,4,4,3,'Male',44,'Single',63100.00,4,13,'No',7,'Yes','No','2019-05-08'),
(2254,3,11,1,'Female',49,'Married',72000.00,3,1,'No',5,'No','No','2020-07-16'),
(2255,4,1,1,'Female',25,'Divorced',53300.00,2,1,'No',17,'No','No','2021-06-10'),
(2256,6,5,1,'Female',39,'Married',60700.00,8,17,'No',14,'No','No','2015-07-20'),
(2257,7,10,3,'Female',60,'Divorced',76200.00,12,4,'No',9,'No','No','2011-09-21'),
(2258,6,5,1,'Male',21,'Single',57200.00,2,1,'No',10,'No','No','2021-07-18'),
(2259,1,8,1,'Female',26,'Married',39500.00,2,2,'Yes',13,'No','No','2021-12-19'),
(2260,2,19,1,'Male',37,'Divorced',111300.00,1,11,'No',11,'Yes','Yes','2022-05-22'),
(2261,5,21,1,'Male',53,'Single',69600.00,9,4,'No',12,'No','No','2014-04-14'),
(2262,4,1,1,'Female',38,'Divorced',52600.00,3,8,'No',3,'No','No','2020-09-16'),
(2263,4,4,1,'Male',49,'Married',52800.00,9,4,'Yes',18,'No','Yes','2014-11-13'),
(2264,1,12,3,'Female',27,'Divorced',70600.00,1,19,'No',15,'No','No','2022-06-16'),
(2265,7,10,1,'Female',45,'Married',53100.00,0,2,'Yes',10,'Yes','No','2023-12-28'),
(2266,2,13,1,'Male',41,'Divorced',132400.00,5,13,'No',9,'No','No','2018-06-26'),
(2267,5,21,1,'Male',33,'Single',73600.00,4,14,'No',5,'No','No','2019-11-07'),
(2268,2,22,1,'Male',30,'Married',86900.00,1,1,'No',4,'Yes','Yes','2022-12-18'),
(2269,7,10,1,'Female',26,'Divorced',51900.00,1,2,'No',4,'No','No','2022-10-13'),
(2270,4,1,1,'Male',45,'Single',51900.00,2,16,'Yes',10,'No','No','2021-04-02'),
(2271,7,10,3,'Female',20,'Married',59800.00,0,6,'No',19,'No','No','2023-03-31'),
(2272,1,8,3,'Male',39,'Single',45900.00,0,1,'Yes',7,'No','No','2023-10-20'),
(2273,3,7,2,'Male',35,'Divorced',85300.00,0,6,'Yes',10,'No','Yes','2023-07-31'),
(2274,1,12,1,'Female',39,'Married',60300.00,4,1,'No',15,'No','No','2019-10-20'),
(2275,8,9,1,'Female',29,'Single',81800.00,2,2,'No',12,'No','Yes','2021-09-02'),
(2276,2,19,3,'Male',32,'Married',113200.00,4,6,'Yes',21,'No','No','2019-06-09'),
(2277,7,10,1,'Male',24,'Divorced',52800.00,1,10,'Yes',8,'No','No','2022-07-13'),
(2278,2,16,3,'Male',35,'Married',158300.00,6,4,'No',7,'Yes','No','2017-04-12'),
(2279,6,5,1,'Female',52,'Divorced',66600.00,10,3,'Yes',8,'No','Yes','2013-11-08'),
(2280,4,4,1,'Female',41,'Married',55300.00,2,1,'No',18,'No','No','2021-04-18'),
(2281,2,19,3,'Female',22,'Single',102500.00,0,2,'No',3,'Yes','No','2023-07-04'),
(2282,2,22,1,'Female',27,'Divorced',94400.00,9,4,'Yes',18,'No','Yes','2014-09-10'),
(2283,2,19,1,'Female',29,'Married',88900.00,3,1,'No',12,'No','No','2020-05-03'),
(2284,7,3,1,'Male',27,'Married',91300.00,1,3,'No',14,'No','No','2022-11-28'),
(2285,8,17,1,'Male',34,'Single',79600.00,0,5,'No',14,'No','No','2023-09-24'),
(2286,3,14,4,'Male',40,'Married',82800.00,0,2,'Yes',9,'No','No','2023-10-16'),
(2287,3,14,1,'Male',20,'Divorced',61900.00,2,29,'Yes',14,'No','Yes','2021-05-05'),
(2288,3,7,3,'Male',28,'Divorced',100100.00,2,8,'No',15,'No','No','2021-07-11'),
(2289,6,5,3,'Male',25,'Married',72900.00,3,1,'No',14,'No','Yes','2020-04-27'),
(2290,6,5,2,'Male',37,'Divorced',48400.00,0,4,'No',18,'No','No','2023-04-23'),
(2291,5,23,1,'Male',35,'Divorced',67700.00,0,11,'No',11,'No','No','2023-07-17'),
(2292,5,20,4,'Female',20,'Single',132200.00,2,11,'No',16,'No','No','2021-09-10'),
(2293,5,20,4,'Male',31,'Married',136100.00,9,8,'No',14,'No','No','2014-04-13'),
(2294,5,21,3,'Female',49,'Single',81800.00,2,39,'No',11,'No','Yes','2021-07-01'),
(2295,5,23,2,'Female',31,'Married',63500.00,5,3,'No',8,'No','No','2018-06-12'),
(2296,5,20,1,'Female',23,'Divorced',102400.00,2,1,'No',12,'No','No','2021-12-18'),
(2297,7,3,3,'Male',59,'Single',89900.00,12,6,'Yes',10,'No','No','2011-08-23'),
(2298,2,13,3,'Male',40,'Divorced',111400.00,10,8,'No',12,'No','No','2013-04-23'),
(2299,4,18,1,'Male',29,'Single',81100.00,11,1,'No',11,'No','No','2012-11-18'),
(2300,5,23,3,'Female',52,'Single',73700.00,0,7,'Yes',9,'No','No','2023-05-22'),
(2301,1,8,1,'Female',47,'Married',48800.00,9,1,'No',9,'No','No','2014-08-05'),
(2302,2,19,2,'Female',50,'Divorced',83500.00,4,1,'No',11,'No','No','2019-08-21'),
(2303,2,16,1,'Male',32,'Single',115600.00,2,7,'No',10,'No','No','2021-08-04'),
(2304,4,18,1,'Female',34,'Divorced',75500.00,1,9,'Yes',15,'Yes','No','2022-09-09'),
(2305,3,11,1,'Female',29,'Single',70400.00,1,31,'Yes',10,'Yes','Yes','2022-04-29'),
(2306,7,3,4,'Male',34,'Single',91300.00,0,22,'No',12,'No','No','2023-06-17'),
(2307,6,6,1,'Female',41,'Married',67400.00,7,7,'No',17,'No','No','2016-07-23'),
(2308,1,8,1,'Female',47,'Divorced',45000.00,4,1,'Yes',13,'Yes','No','2019-04-18'),
(2309,7,3,3,'Male',34,'Married',93200.00,3,4,'No',15,'No','No','2020-09-09'),
(2310,7,3,2,'Female',58,'Married',67000.00,0,7,'No',13,'No','Yes','2023-12-21'),
(2311,7,10,1,'Female',24,'Single',57000.00,0,4,'No',9,'No','Yes','2023-03-16'),
(2312,6,6,3,'Male',30,'Single',73300.00,5,17,'No',12,'No','No','2018-04-02'),
(2313,6,15,3,'Male',20,'Married',94100.00,2,15,'Yes',11,'No','No','2021-07-24'),
(2314,8,9,3,'Male',38,'Single',106200.00,9,13,'No',14,'No','No','2014-09-26'),
(2315,3,7,4,'Female',35,'Single',117500.00,2,8,'No',13,'Yes','No','2021-11-17'),
(2316,4,18,4,'Female',44,'Married',98400.00,9,1,'No',16,'No','No','2014-10-02'),
(2317,4,18,3,'Male',52,'Married',89400.00,4,6,'Yes',5,'Yes','No','2019-07-07'),
(2318,4,18,2,'Male',40,'Divorced',62100.00,0,10,'Yes',14,'No','No','2023-11-14'),
(2319,2,22,1,'Female',22,'Married',92800.00,4,8,'No',10,'No','No','2019-06-25'),
(2320,4,1,3,'Male',35,'Single',60300.00,5,1,'No',14,'No','No','2018-10-15'),
(2321,1,8,3,'Female',32,'Married',49200.00,1,1,'No',19,'No','No','2022-12-13'),
(2322,4,18,1,'Female',36,'Divorced',74000.00,2,6,'No',7,'No','No','2021-10-14'),
(2323,1,12,1,'Female',59,'Married',58100.00,1,1,'No',6,'No','No','2022-08-28'),
(2324,1,8,3,'Male',42,'Married',55400.00,10,3,'Yes',4,'No','Yes','2013-05-03'),
(2325,4,4,3,'Male',26,'Divorced',63400.00,8,3,'No',8,'No','No','2015-03-30'),
(2326,3,14,1,'Male',47,'Divorced',72100.00,8,14,'No',13,'Yes','No','2015-12-22'),
(2327,7,10,1,'Male',27,'Married',50100.00,0,29,'No',10,'No','No','2023-12-04'),
(2328,8,2,1,'Female',20,'Divorced',53900.00,0,5,'No',12,'No','No','2023-04-03'),
(2329,8,2,1,'Female',36,'Divorced',53000.00,0,6,'Yes',9,'No','No','2023-04-16'),
(2330,2,16,2,'Female',28,'Married',117900.00,1,3,'No',14,'No','No','2022-11-25'),
(2331,3,14,3,'Male',20,'Married',75900.00,1,1,'Yes',10,'No','No','2022-12-30'),
(2332,3,7,3,'Female',48,'Married',106500.00,3,11,'No',14,'No','No','2020-12-10'),
(2333,2,13,3,'Female',27,'Married',140100.00,2,3,'No',8,'No','No','2021-07-27'),
(2334,3,7,1,'Female',45,'Married',89200.00,0,1,'No',19,'No','No','2023-09-26'),
(2335,7,3,3,'Female',52,'Divorced',94000.00,3,2,'No',16,'No','No','2020-11-26'),
(2336,4,1,3,'Male',20,'Divorced',57100.00,2,2,'No',13,'No','No','2021-06-12'),
(2337,6,6,3,'Male',37,'Single',70600.00,1,22,'No',22,'No','No','2022-11-18'),
(2338,7,10,1,'Male',50,'Single',68200.00,3,34,'Yes',9,'No','Yes','2020-11-20'),
(2339,4,1,1,'Male',34,'Married',58000.00,5,3,'No',11,'No','Yes','2018-09-28'),
(2340,3,7,3,'Male',39,'Married',115600.00,4,2,'No',18,'Yes','No','2019-05-11'),
(2341,3,7,1,'Male',37,'Divorced',94400.00,5,5,'Yes',6,'Yes','Yes','2018-05-23'),
(2342,8,17,1,'Male',50,'Divorced',85400.00,1,4,'Yes',12,'No','No','2022-11-05'),
(2343,4,18,2,'Male',24,'Divorced',65500.00,2,6,'No',7,'Yes','No','2021-11-09'),
(2344,3,11,3,'Male',34,'Divorced',72900.00,3,4,'Yes',16,'No','No','2020-03-19'),
(2345,4,1,4,'Female',37,'Divorced',69900.00,7,25,'No',13,'No','No','2016-09-03'),
(2346,7,3,1,'Male',37,'Single',90300.00,0,15,'No',8,'No','No','2023-08-08'),
(2347,2,19,3,'Female',27,'Single',105100.00,1,6,'No',11,'Yes','No','2022-06-05'),
(2348,3,14,3,'Male',34,'Married',71000.00,2,10,'No',16,'No','No','2021-05-19'),
(2349,5,23,1,'Male',41,'Divorced',81300.00,14,7,'No',15,'No','No','2009-03-19'),
(2350,3,7,3,'Female',34,'Divorced',104700.00,0,6,'No',14,'No','No','2023-07-28'),
(2351,3,14,1,'Male',33,'Married',62800.00,0,6,'No',15,'No','No','2023-06-04'),
(2352,8,2,3,'Male',56,'Married',69300.00,1,17,'No',14,'No','No','2022-12-20'),
(2353,3,14,1,'Female',47,'Divorced',62800.00,3,21,'No',18,'No','Yes','2020-09-22'),
(2354,2,19,1,'Male',32,'Married',111400.00,2,9,'No',8,'No','No','2021-12-14'),
(2355,4,1,2,'Male',46,'Single',50300.00,5,5,'No',11,'No','No','2018-07-04'),
(2356,3,7,1,'Male',42,'Married',88100.00,2,8,'No',11,'No','No','2021-05-18'),
(2357,7,3,1,'Female',27,'Divorced',77700.00,7,2,'Yes',13,'No','No','2016-11-03'),
(2358,5,21,3,'Female',29,'Married',77500.00,0,8,'No',12,'No','No','2023-10-18'),
(2359,7,10,1,'Female',25,'Married',49800.00,0,2,'No',20,'No','No','2023-06-30'),
(2360,7,10,2,'Male',37,'Divorced',50300.00,2,6,'No',8,'No','No','2021-06-26'),
(2361,4,1,1,'Male',40,'Single',50000.00,6,14,'Yes',14,'No','No','2017-09-24'),
(2362,1,12,4,'Female',48,'Divorced',84000.00,8,6,'No',5,'No','No','2015-06-04'),
(2363,2,16,1,'Female',56,'Divorced',155600.00,14,16,'No',10,'No','Yes','2009-10-11'),
(2364,8,9,1,'Male',30,'Married',86000.00,3,1,'No',12,'No','No','2020-05-12'),
(2365,4,18,1,'Male',35,'Divorced',67900.00,0,2,'Yes',17,'No','No','2023-09-21'),
(2366,7,3,3,'Male',26,'Married',87200.00,2,10,'No',6,'No','No','2021-05-29'),
(2367,5,20,4,'Male',37,'Divorced',129300.00,4,1,'Yes',9,'Yes','No','2019-05-17'),
(2368,4,4,3,'Female',25,'Single',66000.00,7,10,'No',18,'Yes','No','2016-11-25'),
(2369,2,16,3,'Male',23,'Single',161100.00,5,2,'No',19,'Yes','Yes','2018-07-12'),
(2370,4,1,4,'Female',30,'Divorced',72600.00,3,15,'No',15,'Yes','No','2020-10-31'),
(2371,8,9,4,'Male',32,'Single',108200.00,10,1,'Yes',14,'Yes','No','2013-09-06'),
(2372,3,11,1,'Female',39,'Single',69600.00,0,14,'No',19,'No','No','2023-09-28'),
(2373,7,3,3,'Female',23,'Married',85100.00,1,6,'Yes',14,'Yes','Yes','2022-09-22'),
(2374,6,5,3,'Female',40,'Single',74700.00,4,4,'No',7,'No','No','2019-07-22'),
(2375,3,11,3,'Male',31,'Married',71800.00,0,6,'No',14,'No','No','2023-07-09'),
(2376,3,7,3,'Male',20,'Married',116700.00,2,6,'No',5,'Yes','No','2021-07-09'),
(2377,8,9,1,'Female',42,'Divorced',71500.00,2,1,'No',8,'No','No','2021-07-22'),
(2378,1,8,3,'Female',20,'Married',50100.00,0,2,'No',4,'No','No','2023-04-26'),
(2379,1,8,1,'Male',32,'Married',42900.00,1,1,'No',7,'No','No','2022-06-09'),
(2380,7,3,1,'Male',35,'Married',82200.00,5,1,'No',8,'No','No','2018-06-21'),
(2381,2,19,1,'Male',35,'Single',89100.00,3,20,'Yes',20,'Yes','No','2020-12-24'),
(2382,5,23,1,'Male',46,'Married',79200.00,2,14,'Yes',15,'No','No','2021-08-12'),
(2383,3,11,3,'Male',46,'Single',78500.00,8,9,'No',7,'No','No','2015-11-10'),
(2384,4,18,3,'Female',25,'Divorced',85400.00,1,1,'No',14,'No','No','2022-12-26'),
(2385,6,6,3,'Male',29,'Married',63400.00,3,28,'No',8,'No','No','2020-07-11'),
(2386,1,8,4,'Male',45,'Married',54800.00,1,1,'No',13,'No','Yes','2022-09-04'),
(2387,1,12,3,'Female',31,'Married',74800.00,2,8,'No',17,'No','No','2021-03-14'),
(2388,3,7,1,'Female',25,'Married',95300.00,0,24,'No',11,'No','No','2023-11-14'),
(2389,5,21,2,'Female',20,'Divorced',65400.00,2,17,'No',10,'No','No','2021-11-28'),
(2390,7,3,3,'Female',40,'Single',77200.00,0,13,'No',5,'No','No','2023-09-09'),
(2391,8,17,3,'Male',37,'Married',83000.00,0,1,'No',12,'No','No','2023-04-02'),
(2392,3,7,4,'Male',20,'Married',114700.00,0,4,'No',7,'Yes','No','2023-04-18'),
(2393,6,5,1,'Female',20,'Single',56300.00,2,5,'No',13,'No','No','2021-12-18'),
(2394,5,21,3,'Male',49,'Married',91200.00,13,7,'No',11,'No','No','2010-07-28'),
(2395,4,18,1,'Male',27,'Married',73600.00,3,1,'Yes',15,'No','Yes','2020-10-30'),
(2396,8,17,1,'Male',48,'Divorced',77700.00,1,4,'No',19,'No','Yes','2022-07-20'),
(2397,5,21,3,'Male',43,'Married',96700.00,13,1,'No',15,'Yes','No','2010-04-18'),
(2398,8,9,1,'Female',34,'Single',84500.00,0,14,'Yes',14,'No','Yes','2023-09-03'),
(2399,4,18,1,'Female',21,'Single',77200.00,3,1,'No',6,'No','No','2020-06-13'),
(2400,2,22,1,'Female',38,'Married',84900.00,2,1,'Yes',10,'No','Yes','2021-12-20'),
(2401,8,9,1,'Female',40,'Married',83900.00,0,10,'No',17,'No','No','2023-10-23'),
(2402,1,12,3,'Male',46,'Divorced',69800.00,8,7,'No',12,'No','No','2015-06-05'),
(2403,4,1,2,'Male',38,'Married',44900.00,2,7,'Yes',11,'No','No','2021-06-27'),
(2404,2,19,1,'Male',43,'Divorced',93300.00,8,3,'No',9,'No','No','2015-06-19'),
(2405,2,13,1,'Female',43,'Married',112400.00,0,2,'No',7,'No','No','2023-05-18'),
(2406,5,21,2,'Male',36,'Divorced',66600.00,0,4,'No',13,'No','No','2023-08-02'),
(2407,3,7,1,'Female',45,'Divorced',88000.00,3,10,'Yes',6,'No','No','2020-09-12'),
(2408,8,17,3,'Male',29,'Single',91200.00,2,4,'No',9,'No','No','2021-05-12'),
(2409,5,20,4,'Female',45,'Divorced',138400.00,8,1,'No',15,'No','No','2015-08-29'),
(2410,4,4,2,'Male',44,'Single',49400.00,1,22,'No',15,'No','No','2022-07-30'),
(2411,7,3,4,'Female',27,'Married',89100.00,2,3,'Yes',9,'No','Yes','2021-06-25'),
(2412,4,18,2,'Male',35,'Single',66100.00,2,9,'No',10,'No','No','2021-09-19'),
(2413,4,4,3,'Female',37,'Married',54800.00,1,22,'Yes',11,'No','Yes','2022-05-13'),
(2414,6,15,3,'Male',31,'Divorced',93100.00,0,1,'Yes',12,'No','Yes','2023-12-17'),
(2415,8,17,1,'Male',48,'Single',85600.00,7,7,'No',9,'Yes','Yes','2016-08-12'),
(2416,6,6,1,'Male',26,'Married',63400.00,0,6,'No',5,'No','Yes','2024-01-01'),
(2417,8,9,1,'Female',44,'Married',77600.00,4,2,'No',14,'No','No','2019-08-09'),
(2418,1,8,1,'Female',26,'Single',46000.00,7,1,'No',18,'No','No','2016-04-01'),
(2419,2,16,1,'Female',47,'Married',131600.00,14,5,'No',12,'No','No','2009-10-21'),
(2420,7,3,1,'Male',20,'Single',70100.00,0,4,'No',17,'No','No','2023-03-31'),
(2421,2,22,4,'Male',26,'Single',121500.00,2,27,'No',3,'No','No','2021-10-12'),
(2422,2,13,1,'Female',24,'Single',127800.00,6,10,'No',13,'No','No','2017-03-14'),
(2423,8,17,3,'Female',47,'Single',92300.00,7,10,'No',9,'No','No','2016-07-20'),
(2424,1,12,3,'Male',45,'Married',60900.00,0,6,'No',9,'No','No','2023-09-08'),
(2425,7,10,3,'Female',38,'Single',57400.00,1,5,'No',6,'No','No','2022-04-23'),
(2426,2,22,1,'Female',34,'Married',80600.00,1,4,'No',15,'Yes','No','2022-09-26'),
(2427,8,2,1,'Male',43,'Divorced',60100.00,0,13,'Yes',9,'No','Yes','2023-05-30'),
(2428,1,12,3,'Male',30,'Married',62700.00,0,12,'Yes',18,'No','No','2023-05-02'),
(2429,8,9,2,'Male',40,'Single',67300.00,5,2,'Yes',7,'No','No','2018-04-02'),
(2430,4,18,3,'Female',42,'Divorced',91600.00,5,1,'No',14,'Yes','Yes','2018-04-28'),
(2431,4,18,2,'Male',49,'Divorced',61000.00,1,2,'No',15,'No','Yes','2022-07-13'),
(2432,3,7,1,'Female',36,'Divorced',89600.00,0,11,'No',7,'No','No','2023-12-27'),
(2433,2,22,1,'Female',28,'Married',83700.00,0,12,'Yes',20,'No','No','2023-04-02'),
(2434,8,17,3,'Female',20,'Married',89400.00,2,3,'No',17,'No','No','2021-07-16'),
(2435,5,21,4,'Female',38,'Married',97300.00,3,1,'No',12,'No','Yes','2020-10-03'),
(2436,5,21,1,'Male',21,'Divorced',64600.00,0,2,'No',12,'No','No','2023-11-03'),
(2437,4,1,3,'Male',59,'Divorced',70700.00,13,4,'Yes',10,'No','No','2010-05-29'),
(2438,8,9,3,'Male',32,'Single',96300.00,5,7,'No',15,'No','Yes','2018-05-31'),
(2439,4,1,3,'Male',35,'Married',61300.00,0,2,'No',15,'No','No','2023-10-23'),
(2440,4,1,3,'Male',49,'Married',58500.00,3,11,'No',6,'No','No','2020-05-02'),
(2441,4,4,1,'Male',25,'Single',55300.00,3,5,'Yes',18,'No','No','2020-06-15'),
(2442,8,17,1,'Male',36,'Divorced',93500.00,5,13,'Yes',8,'No','No','2018-10-24'),
(2443,1,8,3,'Female',44,'Married',47400.00,0,15,'No',16,'No','No','2023-03-24'),
(2444,4,1,3,'Female',20,'Single',61000.00,2,5,'No',12,'No','No','2021-10-09'),
(2445,3,7,3,'Female',36,'Single',100400.00,2,15,'No',15,'No','No','2021-12-11'),
(2446,1,12,3,'Male',35,'Married',78700.00,8,5,'No',8,'Yes','No','2015-10-30'),
(2447,7,3,3,'Female',27,'Divorced',81400.00,4,1,'No',17,'Yes','No','2019-12-18'),
(2448,5,21,3,'Female',27,'Divorced',81600.00,4,22,'Yes',15,'Yes','Yes','2019-07-12'),
(2449,6,6,4,'Female',36,'Married',93200.00,11,1,'No',16,'No','No','2012-03-23'),
(2450,2,19,3,'Male',26,'Divorced',103800.00,0,1,'No',15,'No','No','2023-08-17'),
(2451,6,15,1,'Female',43,'Married',82600.00,8,1,'No',7,'Yes','No','2015-07-31'),
(2452,3,14,1,'Male',31,'Married',74700.00,4,1,'No',10,'No','No','2019-10-23'),
(2453,6,5,1,'Female',40,'Married',59200.00,0,4,'Yes',5,'No','No','2023-11-02'),
(2454,6,6,3,'Male',30,'Married',78300.00,10,1,'Yes',21,'No','No','2013-08-31'),
(2455,5,23,4,'Female',29,'Married',95700.00,3,16,'Yes',6,'No','No','2020-06-23'),
(2456,5,21,3,'Male',43,'Married',76700.00,1,4,'No',4,'No','No','2022-08-13'),
(2457,5,21,4,'Male',53,'Married',86500.00,2,1,'No',17,'No','No','2021-11-01'),
(2458,2,13,3,'Male',27,'Single',156300.00,7,6,'No',6,'No','No','2016-08-18'),
(2459,2,22,3,'Female',60,'Divorced',103500.00,3,10,'No',13,'No','Yes','2020-08-13'),
(2460,6,15,1,'Male',30,'Married',74200.00,0,1,'No',9,'Yes','No','2023-12-21'),
(2461,1,8,4,'Male',46,'Divorced',68700.00,15,3,'No',5,'Yes','No','2008-08-19'),
(2462,7,10,3,'Male',42,'Married',75800.00,12,2,'No',14,'No','No','2011-08-14'),
(2463,4,1,1,'Male',20,'Divorced',61400.00,2,1,'No',11,'Yes','No','2021-11-21'),
(2464,5,20,1,'Male',40,'Divorced',94200.00,1,7,'No',9,'No','Yes','2022-09-18'),
(2465,7,3,1,'Female',45,'Married',74900.00,0,11,'No',13,'No','No','2023-09-18'),
(2466,1,8,1,'Female',37,'Married',57200.00,6,1,'Yes',3,'Yes','No','2017-07-06'),
(2467,5,23,1,'Male',32,'Divorced',61600.00,0,19,'No',13,'No','No','2023-03-19'),
(2468,3,7,1,'Female',41,'Married',88100.00,5,3,'No',14,'Yes','No','2018-05-24'),
(2469,7,3,1,'Male',32,'Married',71000.00,4,20,'No',10,'No','No','2019-09-12'),
(2470,3,11,1,'Female',30,'Single',72500.00,4,1,'No',14,'No','No','2019-03-25'),
(2471,8,17,4,'Male',33,'Married',114500.00,11,5,'Yes',1,'No','No','2012-09-30'),
(2472,3,14,1,'Male',24,'Single',71200.00,6,1,'No',8,'No','No','2017-10-04'),
(2473,6,6,1,'Male',22,'Single',59800.00,0,9,'No',12,'No','No','2023-11-28'),
(2474,4,18,1,'Female',49,'Married',88700.00,11,2,'No',16,'No','No','2012-04-05'),
(2475,2,13,1,'Female',32,'Married',130400.00,0,7,'No',19,'No','Yes','2023-12-03'),
(2476,5,21,1,'Male',41,'Single',64400.00,3,4,'No',15,'No','No','2020-08-12'),
(2477,7,10,3,'Male',27,'Single',56600.00,1,3,'No',13,'Yes','No','2022-06-22'),
(2478,2,22,1,'Male',37,'Married',111400.00,2,1,'No',15,'No','No','2021-05-08'),
(2479,1,12,1,'Female',35,'Divorced',71400.00,17,9,'No',9,'Yes','No','2006-11-29'),
(2480,1,12,4,'Male',27,'Married',77000.00,3,1,'No',9,'No','No','2020-12-24'),
(2481,3,14,3,'Female',34,'Divorced',69800.00,0,1,'No',8,'No','No','2023-07-31'),
(2482,5,21,4,'Male',36,'Married',88300.00,7,10,'No',10,'No','No','2016-09-20'),
(2483,7,10,2,'Male',45,'Divorced',51400.00,4,40,'No',14,'Yes','No','2019-05-09'),
(2484,5,20,2,'Female',23,'Divorced',81300.00,3,6,'No',19,'No','Yes','2020-05-01'),
(2485,4,18,1,'Male',34,'Single',80900.00,12,7,'No',14,'No','No','2011-08-19'),
(2486,8,2,3,'Male',41,'Married',70800.00,3,2,'No',11,'No','No','2020-07-18'),
(2487,6,15,1,'Male',33,'Married',88200.00,7,2,'No',13,'No','No','2016-03-28'),
(2488,4,1,1,'Female',33,'Married',56600.00,8,3,'No',21,'Yes','No','2015-09-25'),
(2489,4,4,1,'Male',20,'Married',51100.00,2,5,'Yes',12,'No','Yes','2021-09-24'),
(2490,5,21,3,'Male',24,'Single',74400.00,1,10,'Yes',7,'No','Yes','2022-08-19'),
(2491,7,10,4,'Male',32,'Divorced',67900.00,2,8,'No',16,'No','No','2021-07-10'),
(2492,1,12,1,'Female',34,'Divorced',63200.00,10,2,'No',8,'No','No','2013-04-12'),
(2493,6,6,1,'Female',43,'Married',55700.00,1,5,'No',9,'No','No','2022-04-21'),
(2494,5,21,1,'Female',26,'Single',64300.00,1,1,'No',9,'No','No','2022-09-11'),
(2495,3,14,4,'Female',35,'Divorced',102500.00,17,1,'No',15,'No','No','2006-07-20'),
(2496,6,5,3,'Male',36,'Divorced',75500.00,7,1,'Yes',4,'No','No','2016-05-24'),
(2497,5,23,1,'Male',45,'Married',80300.00,16,1,'Yes',19,'No','Yes','2007-04-29'),
(2498,5,20,1,'Male',38,'Single',98800.00,7,3,'No',5,'No','No','2016-07-19'),
(2499,5,21,2,'Male',34,'Single',69600.00,8,11,'No',15,'Yes','No','2015-10-18'),
(2500,8,2,2,'Male',30,'Married',50700.00,1,3,'No',6,'No','No','2022-03-15');
/*!40000 ALTER TABLE `employees` ENABLE KEYS */;
UNLOCK TABLES;

--
-- Table structure for table `job_roles`
--

DROP TABLE IF EXISTS `job_roles`;
/*!40101 SET @saved_cs_client     = @@character_set_client */;
/*!40101 SET character_set_client = utf8mb4 */;
CREATE TABLE `job_roles` (
  `job_role_id` int(11) NOT NULL AUTO_INCREMENT,
  `job_role_name` varchar(50) NOT NULL,
  `department_id` int(11) NOT NULL,
  PRIMARY KEY (`job_role_id`),
  UNIQUE KEY `uq_role_dept` (`job_role_name`,`department_id`),
  KEY `department_id` (`department_id`),
  CONSTRAINT `job_roles_ibfk_1` FOREIGN KEY (`department_id`) REFERENCES `departments` (`department_id`)
) ENGINE=InnoDB AUTO_INCREMENT=24 DEFAULT CHARSET=utf8mb4 COLLATE=utf8mb4_general_ci;
/*!40101 SET character_set_client = @saved_cs_client */;

--
-- Dumping data for table `job_roles`
--

LOCK TABLES `job_roles` WRITE;
/*!40000 ALTER TABLE `job_roles` DISABLE KEYS */;
INSERT INTO `job_roles` VALUES
(9,'Account Manager',8),
(14,'Accountant',3),
(6,'Content Strategist',6),
(16,'Engineering Manager',2),
(7,'Finance Manager',3),
(11,'Financial Analyst',3),
(1,'HR Executive',4),
(18,'HR Manager',4),
(20,'IT Manager',5),
(21,'IT Support',5),
(5,'Marketing Executive',6),
(15,'Marketing Manager',6),
(10,'Operations Executive',7),
(3,'Operations Manager',7),
(19,'Qa Engineer',2),
(4,'Recruiter',4),
(2,'Sales Executive',8),
(17,'Sales Manager',8),
(13,'Senior Engineer',2),
(22,'Software Engineer',2),
(8,'Support Executive',1),
(12,'Support Team Lead',1),
(23,'System Administrator',5);
/*!40000 ALTER TABLE `job_roles` ENABLE KEYS */;
UNLOCK TABLES;

--
-- Table structure for table `performance`
--

DROP TABLE IF EXISTS `performance`;
/*!40101 SET @saved_cs_client     = @@character_set_client */;
/*!40101 SET character_set_client = utf8mb4 */;
CREATE TABLE `performance` (
  `performance_id` int(11) NOT NULL AUTO_INCREMENT,
  `employee_id` int(11) NOT NULL,
  `review_period` varchar(10) NOT NULL,
  `performance_rating` tinyint(3) unsigned NOT NULL CHECK (`performance_rating` between 1 and 5),
  `review_date` date NOT NULL,
  PRIMARY KEY (`performance_id`),
  KEY `idx_perf_employee` (`employee_id`),
  CONSTRAINT `performance_ibfk_1` FOREIGN KEY (`employee_id`) REFERENCES `employees` (`employee_id`) ON DELETE CASCADE
) ENGINE=InnoDB AUTO_INCREMENT=1501 DEFAULT CHARSET=utf8mb4 COLLATE=utf8mb4_general_ci;
/*!40101 SET character_set_client = @saved_cs_client */;

--
-- Dumping data for table `performance`
--

LOCK TABLES `performance` WRITE;
/*!40000 ALTER TABLE `performance` DISABLE KEYS */;
INSERT INTO `performance` VALUES
(1,1001,'2024-Q4',2,'2024-12-31'),
(2,1002,'2024-Q4',4,'2024-12-31'),
(3,1003,'2024-Q4',4,'2024-12-31'),
(4,1004,'2024-Q4',3,'2024-12-31'),
(5,1005,'2024-Q4',5,'2024-12-31'),
(6,1006,'2024-Q4',3,'2024-12-31'),
(7,1007,'2024-Q4',4,'2024-12-31'),
(8,1008,'2024-Q4',2,'2024-12-31'),
(9,1009,'2024-Q4',5,'2024-12-31'),
(10,1010,'2024-Q4',3,'2024-12-31'),
(11,1011,'2024-Q4',3,'2024-12-31'),
(12,1012,'2024-Q4',3,'2024-12-31'),
(13,1013,'2024-Q4',3,'2024-12-31'),
(14,1014,'2024-Q4',5,'2024-12-31'),
(15,1015,'2024-Q4',4,'2024-12-31'),
(16,1016,'2024-Q4',3,'2024-12-31'),
(17,1017,'2024-Q4',4,'2024-12-31'),
(18,1018,'2024-Q4',3,'2024-12-31'),
(19,1019,'2024-Q4',3,'2024-12-31'),
(20,1020,'2024-Q4',2,'2024-12-31'),
(21,1021,'2024-Q4',4,'2024-12-31'),
(22,1022,'2024-Q4',3,'2024-12-31'),
(23,1023,'2024-Q4',3,'2024-12-31'),
(24,1024,'2024-Q4',4,'2024-12-31'),
(25,1025,'2024-Q4',3,'2024-12-31'),
(26,1026,'2024-Q4',4,'2024-12-31'),
(27,1027,'2024-Q4',3,'2024-12-31'),
(28,1028,'2024-Q4',3,'2024-12-31'),
(29,1029,'2024-Q4',2,'2024-12-31'),
(30,1030,'2024-Q4',4,'2024-12-31'),
(31,1031,'2024-Q4',4,'2024-12-31'),
(32,1032,'2024-Q4',2,'2024-12-31'),
(33,1033,'2024-Q4',3,'2024-12-31'),
(34,1034,'2024-Q4',2,'2024-12-31'),
(35,1035,'2024-Q4',3,'2024-12-31'),
(36,1036,'2024-Q4',5,'2024-12-31'),
(37,1037,'2024-Q4',3,'2024-12-31'),
(38,1038,'2024-Q4',3,'2024-12-31'),
(39,1039,'2024-Q4',3,'2024-12-31'),
(40,1040,'2024-Q4',4,'2024-12-31'),
(41,1041,'2024-Q4',3,'2024-12-31'),
(42,1042,'2024-Q4',3,'2024-12-31'),
(43,1043,'2024-Q4',3,'2024-12-31'),
(44,1044,'2024-Q4',3,'2024-12-31'),
(45,1045,'2024-Q4',5,'2024-12-31'),
(46,1046,'2024-Q4',3,'2024-12-31'),
(47,1047,'2024-Q4',4,'2024-12-31'),
(48,1048,'2024-Q4',4,'2024-12-31'),
(49,1049,'2024-Q4',4,'2024-12-31'),
(50,1050,'2024-Q4',3,'2024-12-31'),
(51,1051,'2024-Q4',3,'2024-12-31'),
(52,1052,'2024-Q4',3,'2024-12-31'),
(53,1053,'2024-Q4',5,'2024-12-31'),
(54,1054,'2024-Q4',4,'2024-12-31'),
(55,1055,'2024-Q4',5,'2024-12-31'),
(56,1056,'2024-Q4',3,'2024-12-31'),
(57,1057,'2024-Q4',1,'2024-12-31'),
(58,1058,'2024-Q4',1,'2024-12-31'),
(59,1059,'2024-Q4',4,'2024-12-31'),
(60,1060,'2024-Q4',4,'2024-12-31'),
(61,1061,'2024-Q4',4,'2024-12-31'),
(62,1062,'2024-Q4',3,'2024-12-31'),
(63,1063,'2024-Q4',4,'2024-12-31'),
(64,1064,'2024-Q4',2,'2024-12-31'),
(65,1065,'2024-Q4',3,'2024-12-31'),
(66,1066,'2024-Q4',4,'2024-12-31'),
(67,1067,'2024-Q4',4,'2024-12-31'),
(68,1068,'2024-Q4',3,'2024-12-31'),
(69,1069,'2024-Q4',4,'2024-12-31'),
(70,1070,'2024-Q4',3,'2024-12-31'),
(71,1071,'2024-Q4',3,'2024-12-31'),
(72,1072,'2024-Q4',4,'2024-12-31'),
(73,1073,'2024-Q4',4,'2024-12-31'),
(74,1074,'2024-Q4',4,'2024-12-31'),
(75,1075,'2024-Q4',4,'2024-12-31'),
(76,1076,'2024-Q4',4,'2024-12-31'),
(77,1077,'2024-Q4',5,'2024-12-31'),
(78,1078,'2024-Q4',4,'2024-12-31'),
(79,1079,'2024-Q4',2,'2024-12-31'),
(80,1080,'2024-Q4',5,'2024-12-31'),
(81,1081,'2024-Q4',2,'2024-12-31'),
(82,1082,'2024-Q4',2,'2024-12-31'),
(83,1083,'2024-Q4',4,'2024-12-31'),
(84,1084,'2024-Q4',2,'2024-12-31'),
(85,1085,'2024-Q4',4,'2024-12-31'),
(86,1086,'2024-Q4',3,'2024-12-31'),
(87,1087,'2024-Q4',3,'2024-12-31'),
(88,1088,'2024-Q4',3,'2024-12-31'),
(89,1089,'2024-Q4',3,'2024-12-31'),
(90,1090,'2024-Q4',3,'2024-12-31'),
(91,1091,'2024-Q4',5,'2024-12-31'),
(92,1092,'2024-Q4',3,'2024-12-31'),
(93,1093,'2024-Q4',5,'2024-12-31'),
(94,1094,'2024-Q4',2,'2024-12-31'),
(95,1095,'2024-Q4',3,'2024-12-31'),
(96,1096,'2024-Q4',3,'2024-12-31'),
(97,1097,'2024-Q4',4,'2024-12-31'),
(98,1098,'2024-Q4',3,'2024-12-31'),
(99,1099,'2024-Q4',4,'2024-12-31'),
(100,1100,'2024-Q4',3,'2024-12-31'),
(101,1101,'2024-Q4',3,'2024-12-31'),
(102,1102,'2024-Q4',5,'2024-12-31'),
(103,1103,'2024-Q4',2,'2024-12-31'),
(104,1104,'2024-Q4',3,'2024-12-31'),
(105,1105,'2024-Q4',4,'2024-12-31'),
(106,1106,'2024-Q4',5,'2024-12-31'),
(107,1107,'2024-Q4',4,'2024-12-31'),
(108,1108,'2024-Q4',3,'2024-12-31'),
(109,1109,'2024-Q4',4,'2024-12-31'),
(110,1110,'2024-Q4',5,'2024-12-31'),
(111,1111,'2024-Q4',4,'2024-12-31'),
(112,1112,'2024-Q4',4,'2024-12-31'),
(113,1113,'2024-Q4',4,'2024-12-31'),
(114,1114,'2024-Q4',2,'2024-12-31'),
(115,1115,'2024-Q4',4,'2024-12-31'),
(116,1116,'2024-Q4',4,'2024-12-31'),
(117,1117,'2024-Q4',5,'2024-12-31'),
(118,1118,'2024-Q4',4,'2024-12-31'),
(119,1119,'2024-Q4',3,'2024-12-31'),
(120,1120,'2024-Q4',5,'2024-12-31'),
(121,1121,'2024-Q4',4,'2024-12-31'),
(122,1122,'2024-Q4',4,'2024-12-31'),
(123,1123,'2024-Q4',5,'2024-12-31'),
(124,1124,'2024-Q4',2,'2024-12-31'),
(125,1125,'2024-Q4',4,'2024-12-31'),
(126,1126,'2024-Q4',3,'2024-12-31'),
(127,1127,'2024-Q4',4,'2024-12-31'),
(128,1128,'2024-Q4',3,'2024-12-31'),
(129,1129,'2024-Q4',3,'2024-12-31'),
(130,1130,'2024-Q4',3,'2024-12-31'),
(131,1131,'2024-Q4',3,'2024-12-31'),
(132,1132,'2024-Q4',4,'2024-12-31'),
(133,1133,'2024-Q4',3,'2024-12-31'),
(134,1134,'2024-Q4',3,'2024-12-31'),
(135,1135,'2024-Q4',2,'2024-12-31'),
(136,1136,'2024-Q4',4,'2024-12-31'),
(137,1137,'2024-Q4',4,'2024-12-31'),
(138,1138,'2024-Q4',3,'2024-12-31'),
(139,1139,'2024-Q4',2,'2024-12-31'),
(140,1140,'2024-Q4',3,'2024-12-31'),
(141,1141,'2024-Q4',4,'2024-12-31'),
(142,1142,'2024-Q4',1,'2024-12-31'),
(143,1143,'2024-Q4',3,'2024-12-31'),
(144,1144,'2024-Q4',2,'2024-12-31'),
(145,1145,'2024-Q4',3,'2024-12-31'),
(146,1146,'2024-Q4',5,'2024-12-31'),
(147,1147,'2024-Q4',3,'2024-12-31'),
(148,1148,'2024-Q4',2,'2024-12-31'),
(149,1149,'2024-Q4',3,'2024-12-31'),
(150,1150,'2024-Q4',1,'2024-12-31'),
(151,1151,'2024-Q4',4,'2024-12-31'),
(152,1152,'2024-Q4',4,'2024-12-31'),
(153,1153,'2024-Q4',3,'2024-12-31'),
(154,1154,'2024-Q4',4,'2024-12-31'),
(155,1155,'2024-Q4',4,'2024-12-31'),
(156,1156,'2024-Q4',2,'2024-12-31'),
(157,1157,'2024-Q4',4,'2024-12-31'),
(158,1158,'2024-Q4',3,'2024-12-31'),
(159,1159,'2024-Q4',4,'2024-12-31'),
(160,1160,'2024-Q4',3,'2024-12-31'),
(161,1161,'2024-Q4',4,'2024-12-31'),
(162,1162,'2024-Q4',3,'2024-12-31'),
(163,1163,'2024-Q4',4,'2024-12-31'),
(164,1164,'2024-Q4',3,'2024-12-31'),
(165,1165,'2024-Q4',3,'2024-12-31'),
(166,1166,'2024-Q4',3,'2024-12-31'),
(167,1167,'2024-Q4',2,'2024-12-31'),
(168,1168,'2024-Q4',3,'2024-12-31'),
(169,1169,'2024-Q4',3,'2024-12-31'),
(170,1170,'2024-Q4',3,'2024-12-31'),
(171,1171,'2024-Q4',4,'2024-12-31'),
(172,1172,'2024-Q4',4,'2024-12-31'),
(173,1173,'2024-Q4',2,'2024-12-31'),
(174,1174,'2024-Q4',4,'2024-12-31'),
(175,1175,'2024-Q4',3,'2024-12-31'),
(176,1176,'2024-Q4',3,'2024-12-31'),
(177,1177,'2024-Q4',4,'2024-12-31'),
(178,1178,'2024-Q4',4,'2024-12-31'),
(179,1179,'2024-Q4',2,'2024-12-31'),
(180,1180,'2024-Q4',3,'2024-12-31'),
(181,1181,'2024-Q4',5,'2024-12-31'),
(182,1182,'2024-Q4',3,'2024-12-31'),
(183,1183,'2024-Q4',4,'2024-12-31'),
(184,1184,'2024-Q4',3,'2024-12-31'),
(185,1185,'2024-Q4',2,'2024-12-31'),
(186,1186,'2024-Q4',5,'2024-12-31'),
(187,1187,'2024-Q4',4,'2024-12-31'),
(188,1188,'2024-Q4',4,'2024-12-31'),
(189,1189,'2024-Q4',4,'2024-12-31'),
(190,1190,'2024-Q4',4,'2024-12-31'),
(191,1191,'2024-Q4',3,'2024-12-31'),
(192,1192,'2024-Q4',3,'2024-12-31'),
(193,1193,'2024-Q4',3,'2024-12-31'),
(194,1194,'2024-Q4',3,'2024-12-31'),
(195,1195,'2024-Q4',5,'2024-12-31'),
(196,1196,'2024-Q4',4,'2024-12-31'),
(197,1197,'2024-Q4',4,'2024-12-31'),
(198,1198,'2024-Q4',4,'2024-12-31'),
(199,1199,'2024-Q4',3,'2024-12-31'),
(200,1200,'2024-Q4',5,'2024-12-31'),
(201,1201,'2024-Q4',3,'2024-12-31'),
(202,1202,'2024-Q4',4,'2024-12-31'),
(203,1203,'2024-Q4',3,'2024-12-31'),
(204,1204,'2024-Q4',3,'2024-12-31'),
(205,1205,'2024-Q4',5,'2024-12-31'),
(206,1206,'2024-Q4',3,'2024-12-31'),
(207,1207,'2024-Q4',4,'2024-12-31'),
(208,1208,'2024-Q4',3,'2024-12-31'),
(209,1209,'2024-Q4',3,'2024-12-31'),
(210,1210,'2024-Q4',4,'2024-12-31'),
(211,1211,'2024-Q4',3,'2024-12-31'),
(212,1212,'2024-Q4',3,'2024-12-31'),
(213,1213,'2024-Q4',2,'2024-12-31'),
(214,1214,'2024-Q4',3,'2024-12-31'),
(215,1215,'2024-Q4',5,'2024-12-31'),
(216,1216,'2024-Q4',3,'2024-12-31'),
(217,1217,'2024-Q4',4,'2024-12-31'),
(218,1218,'2024-Q4',5,'2024-12-31'),
(219,1219,'2024-Q4',4,'2024-12-31'),
(220,1220,'2024-Q4',4,'2024-12-31'),
(221,1221,'2024-Q4',4,'2024-12-31'),
(222,1222,'2024-Q4',2,'2024-12-31'),
(223,1223,'2024-Q4',3,'2024-12-31'),
(224,1224,'2024-Q4',5,'2024-12-31'),
(225,1225,'2024-Q4',3,'2024-12-31'),
(226,1226,'2024-Q4',4,'2024-12-31'),
(227,1227,'2024-Q4',4,'2024-12-31'),
(228,1228,'2024-Q4',3,'2024-12-31'),
(229,1229,'2024-Q4',5,'2024-12-31'),
(230,1230,'2024-Q4',3,'2024-12-31'),
(231,1231,'2024-Q4',1,'2024-12-31'),
(232,1232,'2024-Q4',2,'2024-12-31'),
(233,1233,'2024-Q4',3,'2024-12-31'),
(234,1234,'2024-Q4',2,'2024-12-31'),
(235,1235,'2024-Q4',5,'2024-12-31'),
(236,1236,'2024-Q4',5,'2024-12-31'),
(237,1237,'2024-Q4',4,'2024-12-31'),
(238,1238,'2024-Q4',2,'2024-12-31'),
(239,1239,'2024-Q4',3,'2024-12-31'),
(240,1240,'2024-Q4',3,'2024-12-31'),
(241,1241,'2024-Q4',5,'2024-12-31'),
(242,1242,'2024-Q4',2,'2024-12-31'),
(243,1243,'2024-Q4',2,'2024-12-31'),
(244,1244,'2024-Q4',3,'2024-12-31'),
(245,1245,'2024-Q4',3,'2024-12-31'),
(246,1246,'2024-Q4',3,'2024-12-31'),
(247,1247,'2024-Q4',3,'2024-12-31'),
(248,1248,'2024-Q4',3,'2024-12-31'),
(249,1249,'2024-Q4',3,'2024-12-31'),
(250,1250,'2024-Q4',4,'2024-12-31'),
(251,1251,'2024-Q4',4,'2024-12-31'),
(252,1252,'2024-Q4',3,'2024-12-31'),
(253,1253,'2024-Q4',3,'2024-12-31'),
(254,1254,'2024-Q4',4,'2024-12-31'),
(255,1255,'2024-Q4',3,'2024-12-31'),
(256,1256,'2024-Q4',2,'2024-12-31'),
(257,1257,'2024-Q4',3,'2024-12-31'),
(258,1258,'2024-Q4',5,'2024-12-31'),
(259,1259,'2024-Q4',2,'2024-12-31'),
(260,1260,'2024-Q4',4,'2024-12-31'),
(261,1261,'2024-Q4',3,'2024-12-31'),
(262,1262,'2024-Q4',4,'2024-12-31'),
(263,1263,'2024-Q4',2,'2024-12-31'),
(264,1264,'2024-Q4',4,'2024-12-31'),
(265,1265,'2024-Q4',3,'2024-12-31'),
(266,1266,'2024-Q4',4,'2024-12-31'),
(267,1267,'2024-Q4',4,'2024-12-31'),
(268,1268,'2024-Q4',4,'2024-12-31'),
(269,1269,'2024-Q4',4,'2024-12-31'),
(270,1270,'2024-Q4',3,'2024-12-31'),
(271,1271,'2024-Q4',4,'2024-12-31'),
(272,1272,'2024-Q4',3,'2024-12-31'),
(273,1273,'2024-Q4',5,'2024-12-31'),
(274,1274,'2024-Q4',3,'2024-12-31'),
(275,1275,'2024-Q4',3,'2024-12-31'),
(276,1276,'2024-Q4',3,'2024-12-31'),
(277,1277,'2024-Q4',2,'2024-12-31'),
(278,1278,'2024-Q4',1,'2024-12-31'),
(279,1279,'2024-Q4',5,'2024-12-31'),
(280,1280,'2024-Q4',2,'2024-12-31'),
(281,1281,'2024-Q4',4,'2024-12-31'),
(282,1282,'2024-Q4',2,'2024-12-31'),
(283,1283,'2024-Q4',4,'2024-12-31'),
(284,1284,'2024-Q4',3,'2024-12-31'),
(285,1285,'2024-Q4',2,'2024-12-31'),
(286,1286,'2024-Q4',3,'2024-12-31'),
(287,1287,'2024-Q4',3,'2024-12-31'),
(288,1288,'2024-Q4',5,'2024-12-31'),
(289,1289,'2024-Q4',3,'2024-12-31'),
(290,1290,'2024-Q4',2,'2024-12-31'),
(291,1291,'2024-Q4',5,'2024-12-31'),
(292,1292,'2024-Q4',4,'2024-12-31'),
(293,1293,'2024-Q4',5,'2024-12-31'),
(294,1294,'2024-Q4',5,'2024-12-31'),
(295,1295,'2024-Q4',3,'2024-12-31'),
(296,1296,'2024-Q4',5,'2024-12-31'),
(297,1297,'2024-Q4',3,'2024-12-31'),
(298,1298,'2024-Q4',4,'2024-12-31'),
(299,1299,'2024-Q4',4,'2024-12-31'),
(300,1300,'2024-Q4',3,'2024-12-31'),
(301,1301,'2024-Q4',4,'2024-12-31'),
(302,1302,'2024-Q4',4,'2024-12-31'),
(303,1303,'2024-Q4',2,'2024-12-31'),
(304,1304,'2024-Q4',4,'2024-12-31'),
(305,1305,'2024-Q4',5,'2024-12-31'),
(306,1306,'2024-Q4',4,'2024-12-31'),
(307,1307,'2024-Q4',3,'2024-12-31'),
(308,1308,'2024-Q4',4,'2024-12-31'),
(309,1309,'2024-Q4',4,'2024-12-31'),
(310,1310,'2024-Q4',2,'2024-12-31'),
(311,1311,'2024-Q4',3,'2024-12-31'),
(312,1312,'2024-Q4',3,'2024-12-31'),
(313,1313,'2024-Q4',5,'2024-12-31'),
(314,1314,'2024-Q4',3,'2024-12-31'),
(315,1315,'2024-Q4',4,'2024-12-31'),
(316,1316,'2024-Q4',5,'2024-12-31'),
(317,1317,'2024-Q4',5,'2024-12-31'),
(318,1318,'2024-Q4',2,'2024-12-31'),
(319,1319,'2024-Q4',2,'2024-12-31'),
(320,1320,'2024-Q4',5,'2024-12-31'),
(321,1321,'2024-Q4',3,'2024-12-31'),
(322,1322,'2024-Q4',5,'2024-12-31'),
(323,1323,'2024-Q4',4,'2024-12-31'),
(324,1324,'2024-Q4',2,'2024-12-31'),
(325,1325,'2024-Q4',3,'2024-12-31'),
(326,1326,'2024-Q4',2,'2024-12-31'),
(327,1327,'2024-Q4',5,'2024-12-31'),
(328,1328,'2024-Q4',3,'2024-12-31'),
(329,1329,'2024-Q4',2,'2024-12-31'),
(330,1330,'2024-Q4',4,'2024-12-31'),
(331,1331,'2024-Q4',3,'2024-12-31'),
(332,1332,'2024-Q4',3,'2024-12-31'),
(333,1333,'2024-Q4',5,'2024-12-31'),
(334,1334,'2024-Q4',4,'2024-12-31'),
(335,1335,'2024-Q4',5,'2024-12-31'),
(336,1336,'2024-Q4',4,'2024-12-31'),
(337,1337,'2024-Q4',4,'2024-12-31'),
(338,1338,'2024-Q4',4,'2024-12-31'),
(339,1339,'2024-Q4',4,'2024-12-31'),
(340,1340,'2024-Q4',3,'2024-12-31'),
(341,1341,'2024-Q4',4,'2024-12-31'),
(342,1342,'2024-Q4',2,'2024-12-31'),
(343,1343,'2024-Q4',3,'2024-12-31'),
(344,1344,'2024-Q4',4,'2024-12-31'),
(345,1345,'2024-Q4',4,'2024-12-31'),
(346,1346,'2024-Q4',3,'2024-12-31'),
(347,1347,'2024-Q4',3,'2024-12-31'),
(348,1348,'2024-Q4',4,'2024-12-31'),
(349,1349,'2024-Q4',3,'2024-12-31'),
(350,1350,'2024-Q4',3,'2024-12-31'),
(351,1351,'2024-Q4',3,'2024-12-31'),
(352,1352,'2024-Q4',2,'2024-12-31'),
(353,1353,'2024-Q4',3,'2024-12-31'),
(354,1354,'2024-Q4',5,'2024-12-31'),
(355,1355,'2024-Q4',3,'2024-12-31'),
(356,1356,'2024-Q4',3,'2024-12-31'),
(357,1357,'2024-Q4',5,'2024-12-31'),
(358,1358,'2024-Q4',2,'2024-12-31'),
(359,1359,'2024-Q4',2,'2024-12-31'),
(360,1360,'2024-Q4',4,'2024-12-31'),
(361,1361,'2024-Q4',1,'2024-12-31'),
(362,1362,'2024-Q4',3,'2024-12-31'),
(363,1363,'2024-Q4',5,'2024-12-31'),
(364,1364,'2024-Q4',5,'2024-12-31'),
(365,1365,'2024-Q4',4,'2024-12-31'),
(366,1366,'2024-Q4',2,'2024-12-31'),
(367,1367,'2024-Q4',3,'2024-12-31'),
(368,1368,'2024-Q4',3,'2024-12-31'),
(369,1369,'2024-Q4',2,'2024-12-31'),
(370,1370,'2024-Q4',4,'2024-12-31'),
(371,1371,'2024-Q4',5,'2024-12-31'),
(372,1372,'2024-Q4',4,'2024-12-31'),
(373,1373,'2024-Q4',4,'2024-12-31'),
(374,1374,'2024-Q4',4,'2024-12-31'),
(375,1375,'2024-Q4',4,'2024-12-31'),
(376,1376,'2024-Q4',3,'2024-12-31'),
(377,1377,'2024-Q4',4,'2024-12-31'),
(378,1378,'2024-Q4',5,'2024-12-31'),
(379,1379,'2024-Q4',3,'2024-12-31'),
(380,1380,'2024-Q4',3,'2024-12-31'),
(381,1381,'2024-Q4',1,'2024-12-31'),
(382,1382,'2024-Q4',3,'2024-12-31'),
(383,1383,'2024-Q4',3,'2024-12-31'),
(384,1384,'2024-Q4',2,'2024-12-31'),
(385,1385,'2024-Q4',3,'2024-12-31'),
(386,1386,'2024-Q4',2,'2024-12-31'),
(387,1387,'2024-Q4',4,'2024-12-31'),
(388,1388,'2024-Q4',4,'2024-12-31'),
(389,1389,'2024-Q4',3,'2024-12-31'),
(390,1390,'2024-Q4',4,'2024-12-31'),
(391,1391,'2024-Q4',4,'2024-12-31'),
(392,1392,'2024-Q4',1,'2024-12-31'),
(393,1393,'2024-Q4',4,'2024-12-31'),
(394,1394,'2024-Q4',4,'2024-12-31'),
(395,1395,'2024-Q4',5,'2024-12-31'),
(396,1396,'2024-Q4',4,'2024-12-31'),
(397,1397,'2024-Q4',3,'2024-12-31'),
(398,1398,'2024-Q4',1,'2024-12-31'),
(399,1399,'2024-Q4',3,'2024-12-31'),
(400,1400,'2024-Q4',3,'2024-12-31'),
(401,1401,'2024-Q4',4,'2024-12-31'),
(402,1402,'2024-Q4',4,'2024-12-31'),
(403,1403,'2024-Q4',1,'2024-12-31'),
(404,1404,'2024-Q4',3,'2024-12-31'),
(405,1405,'2024-Q4',4,'2024-12-31'),
(406,1406,'2024-Q4',3,'2024-12-31'),
(407,1407,'2024-Q4',3,'2024-12-31'),
(408,1408,'2024-Q4',4,'2024-12-31'),
(409,1409,'2024-Q4',4,'2024-12-31'),
(410,1410,'2024-Q4',4,'2024-12-31'),
(411,1411,'2024-Q4',2,'2024-12-31'),
(412,1412,'2024-Q4',3,'2024-12-31'),
(413,1413,'2024-Q4',4,'2024-12-31'),
(414,1414,'2024-Q4',5,'2024-12-31'),
(415,1415,'2024-Q4',4,'2024-12-31'),
(416,1416,'2024-Q4',3,'2024-12-31'),
(417,1417,'2024-Q4',3,'2024-12-31'),
(418,1418,'2024-Q4',4,'2024-12-31'),
(419,1419,'2024-Q4',3,'2024-12-31'),
(420,1420,'2024-Q4',3,'2024-12-31'),
(421,1421,'2024-Q4',4,'2024-12-31'),
(422,1422,'2024-Q4',2,'2024-12-31'),
(423,1423,'2024-Q4',4,'2024-12-31'),
(424,1424,'2024-Q4',4,'2024-12-31'),
(425,1425,'2024-Q4',4,'2024-12-31'),
(426,1426,'2024-Q4',3,'2024-12-31'),
(427,1427,'2024-Q4',3,'2024-12-31'),
(428,1428,'2024-Q4',4,'2024-12-31'),
(429,1429,'2024-Q4',5,'2024-12-31'),
(430,1430,'2024-Q4',4,'2024-12-31'),
(431,1431,'2024-Q4',2,'2024-12-31'),
(432,1432,'2024-Q4',3,'2024-12-31'),
(433,1433,'2024-Q4',3,'2024-12-31'),
(434,1434,'2024-Q4',4,'2024-12-31'),
(435,1435,'2024-Q4',3,'2024-12-31'),
(436,1436,'2024-Q4',3,'2024-12-31'),
(437,1437,'2024-Q4',4,'2024-12-31'),
(438,1438,'2024-Q4',4,'2024-12-31'),
(439,1439,'2024-Q4',4,'2024-12-31'),
(440,1440,'2024-Q4',4,'2024-12-31'),
(441,1441,'2024-Q4',4,'2024-12-31'),
(442,1442,'2024-Q4',4,'2024-12-31'),
(443,1443,'2024-Q4',5,'2024-12-31'),
(444,1444,'2024-Q4',4,'2024-12-31'),
(445,1445,'2024-Q4',4,'2024-12-31'),
(446,1446,'2024-Q4',3,'2024-12-31'),
(447,1447,'2024-Q4',3,'2024-12-31'),
(448,1448,'2024-Q4',4,'2024-12-31'),
(449,1449,'2024-Q4',2,'2024-12-31'),
(450,1450,'2024-Q4',3,'2024-12-31'),
(451,1451,'2024-Q4',3,'2024-12-31'),
(452,1452,'2024-Q4',1,'2024-12-31'),
(453,1453,'2024-Q4',5,'2024-12-31'),
(454,1454,'2024-Q4',3,'2024-12-31'),
(455,1455,'2024-Q4',3,'2024-12-31'),
(456,1456,'2024-Q4',3,'2024-12-31'),
(457,1457,'2024-Q4',2,'2024-12-31'),
(458,1458,'2024-Q4',4,'2024-12-31'),
(459,1459,'2024-Q4',4,'2024-12-31'),
(460,1460,'2024-Q4',3,'2024-12-31'),
(461,1461,'2024-Q4',3,'2024-12-31'),
(462,1462,'2024-Q4',4,'2024-12-31'),
(463,1463,'2024-Q4',3,'2024-12-31'),
(464,1464,'2024-Q4',3,'2024-12-31'),
(465,1465,'2024-Q4',3,'2024-12-31'),
(466,1466,'2024-Q4',2,'2024-12-31'),
(467,1467,'2024-Q4',3,'2024-12-31'),
(468,1468,'2024-Q4',3,'2024-12-31'),
(469,1469,'2024-Q4',3,'2024-12-31'),
(470,1470,'2024-Q4',2,'2024-12-31'),
(471,1471,'2024-Q4',3,'2024-12-31'),
(472,1472,'2024-Q4',3,'2024-12-31'),
(473,1473,'2024-Q4',3,'2024-12-31'),
(474,1474,'2024-Q4',2,'2024-12-31'),
(475,1475,'2024-Q4',3,'2024-12-31'),
(476,1476,'2024-Q4',3,'2024-12-31'),
(477,1477,'2024-Q4',2,'2024-12-31'),
(478,1478,'2024-Q4',4,'2024-12-31'),
(479,1479,'2024-Q4',4,'2024-12-31'),
(480,1480,'2024-Q4',2,'2024-12-31'),
(481,1481,'2024-Q4',3,'2024-12-31'),
(482,1482,'2024-Q4',3,'2024-12-31'),
(483,1483,'2024-Q4',4,'2024-12-31'),
(484,1484,'2024-Q4',4,'2024-12-31'),
(485,1485,'2024-Q4',3,'2024-12-31'),
(486,1486,'2024-Q4',4,'2024-12-31'),
(487,1487,'2024-Q4',4,'2024-12-31'),
(488,1488,'2024-Q4',3,'2024-12-31'),
(489,1489,'2024-Q4',5,'2024-12-31'),
(490,1490,'2024-Q4',4,'2024-12-31'),
(491,1491,'2024-Q4',5,'2024-12-31'),
(492,1492,'2024-Q4',5,'2024-12-31'),
(493,1493,'2024-Q4',5,'2024-12-31'),
(494,1494,'2024-Q4',2,'2024-12-31'),
(495,1495,'2024-Q4',5,'2024-12-31'),
(496,1496,'2024-Q4',4,'2024-12-31'),
(497,1497,'2024-Q4',1,'2024-12-31'),
(498,1498,'2024-Q4',4,'2024-12-31'),
(499,1499,'2024-Q4',2,'2024-12-31'),
(500,1500,'2024-Q4',4,'2024-12-31'),
(501,1501,'2024-Q4',4,'2024-12-31'),
(502,1502,'2024-Q4',4,'2024-12-31'),
(503,1503,'2024-Q4',4,'2024-12-31'),
(504,1504,'2024-Q4',3,'2024-12-31'),
(505,1505,'2024-Q4',4,'2024-12-31'),
(506,1506,'2024-Q4',3,'2024-12-31'),
(507,1507,'2024-Q4',3,'2024-12-31'),
(508,1508,'2024-Q4',5,'2024-12-31'),
(509,1509,'2024-Q4',5,'2024-12-31'),
(510,1510,'2024-Q4',3,'2024-12-31'),
(511,1511,'2024-Q4',2,'2024-12-31'),
(512,1512,'2024-Q4',3,'2024-12-31'),
(513,1513,'2024-Q4',3,'2024-12-31'),
(514,1514,'2024-Q4',4,'2024-12-31'),
(515,1515,'2024-Q4',4,'2024-12-31'),
(516,1516,'2024-Q4',5,'2024-12-31'),
(517,1517,'2024-Q4',3,'2024-12-31'),
(518,1518,'2024-Q4',3,'2024-12-31'),
(519,1519,'2024-Q4',5,'2024-12-31'),
(520,1520,'2024-Q4',4,'2024-12-31'),
(521,1521,'2024-Q4',4,'2024-12-31'),
(522,1522,'2024-Q4',4,'2024-12-31'),
(523,1523,'2024-Q4',3,'2024-12-31'),
(524,1524,'2024-Q4',2,'2024-12-31'),
(525,1525,'2024-Q4',3,'2024-12-31'),
(526,1526,'2024-Q4',4,'2024-12-31'),
(527,1527,'2024-Q4',5,'2024-12-31'),
(528,1528,'2024-Q4',3,'2024-12-31'),
(529,1529,'2024-Q4',4,'2024-12-31'),
(530,1530,'2024-Q4',4,'2024-12-31'),
(531,1531,'2024-Q4',4,'2024-12-31'),
(532,1532,'2024-Q4',4,'2024-12-31'),
(533,1533,'2024-Q4',3,'2024-12-31'),
(534,1534,'2024-Q4',2,'2024-12-31'),
(535,1535,'2024-Q4',3,'2024-12-31'),
(536,1536,'2024-Q4',4,'2024-12-31'),
(537,1537,'2024-Q4',3,'2024-12-31'),
(538,1538,'2024-Q4',2,'2024-12-31'),
(539,1539,'2024-Q4',4,'2024-12-31'),
(540,1540,'2024-Q4',5,'2024-12-31'),
(541,1541,'2024-Q4',4,'2024-12-31'),
(542,1542,'2024-Q4',3,'2024-12-31'),
(543,1543,'2024-Q4',3,'2024-12-31'),
(544,1544,'2024-Q4',3,'2024-12-31'),
(545,1545,'2024-Q4',5,'2024-12-31'),
(546,1546,'2024-Q4',3,'2024-12-31'),
(547,1547,'2024-Q4',4,'2024-12-31'),
(548,1548,'2024-Q4',4,'2024-12-31'),
(549,1549,'2024-Q4',3,'2024-12-31'),
(550,1550,'2024-Q4',5,'2024-12-31'),
(551,1551,'2024-Q4',3,'2024-12-31'),
(552,1552,'2024-Q4',4,'2024-12-31'),
(553,1553,'2024-Q4',4,'2024-12-31'),
(554,1554,'2024-Q4',3,'2024-12-31'),
(555,1555,'2024-Q4',3,'2024-12-31'),
(556,1556,'2024-Q4',3,'2024-12-31'),
(557,1557,'2024-Q4',3,'2024-12-31'),
(558,1558,'2024-Q4',4,'2024-12-31'),
(559,1559,'2024-Q4',3,'2024-12-31'),
(560,1560,'2024-Q4',3,'2024-12-31'),
(561,1561,'2024-Q4',3,'2024-12-31'),
(562,1562,'2024-Q4',2,'2024-12-31'),
(563,1563,'2024-Q4',5,'2024-12-31'),
(564,1564,'2024-Q4',3,'2024-12-31'),
(565,1565,'2024-Q4',2,'2024-12-31'),
(566,1566,'2024-Q4',2,'2024-12-31'),
(567,1567,'2024-Q4',4,'2024-12-31'),
(568,1568,'2024-Q4',5,'2024-12-31'),
(569,1569,'2024-Q4',2,'2024-12-31'),
(570,1570,'2024-Q4',4,'2024-12-31'),
(571,1571,'2024-Q4',5,'2024-12-31'),
(572,1572,'2024-Q4',5,'2024-12-31'),
(573,1573,'2024-Q4',3,'2024-12-31'),
(574,1574,'2024-Q4',5,'2024-12-31'),
(575,1575,'2024-Q4',2,'2024-12-31'),
(576,1576,'2024-Q4',3,'2024-12-31'),
(577,1577,'2024-Q4',4,'2024-12-31'),
(578,1578,'2024-Q4',3,'2024-12-31'),
(579,1579,'2024-Q4',4,'2024-12-31'),
(580,1580,'2024-Q4',4,'2024-12-31'),
(581,1581,'2024-Q4',3,'2024-12-31'),
(582,1582,'2024-Q4',3,'2024-12-31'),
(583,1583,'2024-Q4',4,'2024-12-31'),
(584,1584,'2024-Q4',3,'2024-12-31'),
(585,1585,'2024-Q4',1,'2024-12-31'),
(586,1586,'2024-Q4',3,'2024-12-31'),
(587,1587,'2024-Q4',4,'2024-12-31'),
(588,1588,'2024-Q4',4,'2024-12-31'),
(589,1589,'2024-Q4',1,'2024-12-31'),
(590,1590,'2024-Q4',4,'2024-12-31'),
(591,1591,'2024-Q4',4,'2024-12-31'),
(592,1592,'2024-Q4',4,'2024-12-31'),
(593,1593,'2024-Q4',3,'2024-12-31'),
(594,1594,'2024-Q4',4,'2024-12-31'),
(595,1595,'2024-Q4',5,'2024-12-31'),
(596,1596,'2024-Q4',3,'2024-12-31'),
(597,1597,'2024-Q4',4,'2024-12-31'),
(598,1598,'2024-Q4',2,'2024-12-31'),
(599,1599,'2024-Q4',4,'2024-12-31'),
(600,1600,'2024-Q4',3,'2024-12-31'),
(601,1601,'2024-Q4',3,'2024-12-31'),
(602,1602,'2024-Q4',4,'2024-12-31'),
(603,1603,'2024-Q4',4,'2024-12-31'),
(604,1604,'2024-Q4',4,'2024-12-31'),
(605,1605,'2024-Q4',2,'2024-12-31'),
(606,1606,'2024-Q4',2,'2024-12-31'),
(607,1607,'2024-Q4',3,'2024-12-31'),
(608,1608,'2024-Q4',1,'2024-12-31'),
(609,1609,'2024-Q4',4,'2024-12-31'),
(610,1610,'2024-Q4',4,'2024-12-31'),
(611,1611,'2024-Q4',2,'2024-12-31'),
(612,1612,'2024-Q4',2,'2024-12-31'),
(613,1613,'2024-Q4',4,'2024-12-31'),
(614,1614,'2024-Q4',5,'2024-12-31'),
(615,1615,'2024-Q4',4,'2024-12-31'),
(616,1616,'2024-Q4',3,'2024-12-31'),
(617,1617,'2024-Q4',4,'2024-12-31'),
(618,1618,'2024-Q4',4,'2024-12-31'),
(619,1619,'2024-Q4',4,'2024-12-31'),
(620,1620,'2024-Q4',5,'2024-12-31'),
(621,1621,'2024-Q4',3,'2024-12-31'),
(622,1622,'2024-Q4',1,'2024-12-31'),
(623,1623,'2024-Q4',4,'2024-12-31'),
(624,1624,'2024-Q4',3,'2024-12-31'),
(625,1625,'2024-Q4',5,'2024-12-31'),
(626,1626,'2024-Q4',5,'2024-12-31'),
(627,1627,'2024-Q4',2,'2024-12-31'),
(628,1628,'2024-Q4',5,'2024-12-31'),
(629,1629,'2024-Q4',3,'2024-12-31'),
(630,1630,'2024-Q4',2,'2024-12-31'),
(631,1631,'2024-Q4',3,'2024-12-31'),
(632,1632,'2024-Q4',1,'2024-12-31'),
(633,1633,'2024-Q4',4,'2024-12-31'),
(634,1634,'2024-Q4',3,'2024-12-31'),
(635,1635,'2024-Q4',4,'2024-12-31'),
(636,1636,'2024-Q4',4,'2024-12-31'),
(637,1637,'2024-Q4',5,'2024-12-31'),
(638,1638,'2024-Q4',5,'2024-12-31'),
(639,1639,'2024-Q4',3,'2024-12-31'),
(640,1640,'2024-Q4',4,'2024-12-31'),
(641,1641,'2024-Q4',4,'2024-12-31'),
(642,1642,'2024-Q4',2,'2024-12-31'),
(643,1643,'2024-Q4',3,'2024-12-31'),
(644,1644,'2024-Q4',5,'2024-12-31'),
(645,1645,'2024-Q4',3,'2024-12-31'),
(646,1646,'2024-Q4',3,'2024-12-31'),
(647,1647,'2024-Q4',4,'2024-12-31'),
(648,1648,'2024-Q4',4,'2024-12-31'),
(649,1649,'2024-Q4',3,'2024-12-31'),
(650,1650,'2024-Q4',4,'2024-12-31'),
(651,1651,'2024-Q4',2,'2024-12-31'),
(652,1652,'2024-Q4',2,'2024-12-31'),
(653,1653,'2024-Q4',3,'2024-12-31'),
(654,1654,'2024-Q4',4,'2024-12-31'),
(655,1655,'2024-Q4',3,'2024-12-31'),
(656,1656,'2024-Q4',2,'2024-12-31'),
(657,1657,'2024-Q4',4,'2024-12-31'),
(658,1658,'2024-Q4',4,'2024-12-31'),
(659,1659,'2024-Q4',4,'2024-12-31'),
(660,1660,'2024-Q4',5,'2024-12-31'),
(661,1661,'2024-Q4',4,'2024-12-31'),
(662,1662,'2024-Q4',5,'2024-12-31'),
(663,1663,'2024-Q4',4,'2024-12-31'),
(664,1664,'2024-Q4',2,'2024-12-31'),
(665,1665,'2024-Q4',3,'2024-12-31'),
(666,1666,'2024-Q4',4,'2024-12-31'),
(667,1667,'2024-Q4',2,'2024-12-31'),
(668,1668,'2024-Q4',4,'2024-12-31'),
(669,1669,'2024-Q4',4,'2024-12-31'),
(670,1670,'2024-Q4',4,'2024-12-31'),
(671,1671,'2024-Q4',3,'2024-12-31'),
(672,1672,'2024-Q4',3,'2024-12-31'),
(673,1673,'2024-Q4',3,'2024-12-31'),
(674,1674,'2024-Q4',3,'2024-12-31'),
(675,1675,'2024-Q4',2,'2024-12-31'),
(676,1676,'2024-Q4',2,'2024-12-31'),
(677,1677,'2024-Q4',3,'2024-12-31'),
(678,1678,'2024-Q4',3,'2024-12-31'),
(679,1679,'2024-Q4',5,'2024-12-31'),
(680,1680,'2024-Q4',3,'2024-12-31'),
(681,1681,'2024-Q4',2,'2024-12-31'),
(682,1682,'2024-Q4',4,'2024-12-31'),
(683,1683,'2024-Q4',4,'2024-12-31'),
(684,1684,'2024-Q4',3,'2024-12-31'),
(685,1685,'2024-Q4',5,'2024-12-31'),
(686,1686,'2024-Q4',3,'2024-12-31'),
(687,1687,'2024-Q4',4,'2024-12-31'),
(688,1688,'2024-Q4',4,'2024-12-31'),
(689,1689,'2024-Q4',4,'2024-12-31'),
(690,1690,'2024-Q4',4,'2024-12-31'),
(691,1691,'2024-Q4',4,'2024-12-31'),
(692,1692,'2024-Q4',2,'2024-12-31'),
(693,1693,'2024-Q4',5,'2024-12-31'),
(694,1694,'2024-Q4',4,'2024-12-31'),
(695,1695,'2024-Q4',2,'2024-12-31'),
(696,1696,'2024-Q4',4,'2024-12-31'),
(697,1697,'2024-Q4',3,'2024-12-31'),
(698,1698,'2024-Q4',2,'2024-12-31'),
(699,1699,'2024-Q4',3,'2024-12-31'),
(700,1700,'2024-Q4',4,'2024-12-31'),
(701,1701,'2024-Q4',5,'2024-12-31'),
(702,1702,'2024-Q4',3,'2024-12-31'),
(703,1703,'2024-Q4',4,'2024-12-31'),
(704,1704,'2024-Q4',3,'2024-12-31'),
(705,1705,'2024-Q4',4,'2024-12-31'),
(706,1706,'2024-Q4',2,'2024-12-31'),
(707,1707,'2024-Q4',3,'2024-12-31'),
(708,1708,'2024-Q4',3,'2024-12-31'),
(709,1709,'2024-Q4',3,'2024-12-31'),
(710,1710,'2024-Q4',5,'2024-12-31'),
(711,1711,'2024-Q4',3,'2024-12-31'),
(712,1712,'2024-Q4',3,'2024-12-31'),
(713,1713,'2024-Q4',3,'2024-12-31'),
(714,1714,'2024-Q4',2,'2024-12-31'),
(715,1715,'2024-Q4',3,'2024-12-31'),
(716,1716,'2024-Q4',3,'2024-12-31'),
(717,1717,'2024-Q4',3,'2024-12-31'),
(718,1718,'2024-Q4',3,'2024-12-31'),
(719,1719,'2024-Q4',5,'2024-12-31'),
(720,1720,'2024-Q4',3,'2024-12-31'),
(721,1721,'2024-Q4',4,'2024-12-31'),
(722,1722,'2024-Q4',2,'2024-12-31'),
(723,1723,'2024-Q4',3,'2024-12-31'),
(724,1724,'2024-Q4',2,'2024-12-31'),
(725,1725,'2024-Q4',5,'2024-12-31'),
(726,1726,'2024-Q4',4,'2024-12-31'),
(727,1727,'2024-Q4',3,'2024-12-31'),
(728,1728,'2024-Q4',3,'2024-12-31'),
(729,1729,'2024-Q4',5,'2024-12-31'),
(730,1730,'2024-Q4',3,'2024-12-31'),
(731,1731,'2024-Q4',4,'2024-12-31'),
(732,1732,'2024-Q4',5,'2024-12-31'),
(733,1733,'2024-Q4',3,'2024-12-31'),
(734,1734,'2024-Q4',3,'2024-12-31'),
(735,1735,'2024-Q4',3,'2024-12-31'),
(736,1736,'2024-Q4',4,'2024-12-31'),
(737,1737,'2024-Q4',3,'2024-12-31'),
(738,1738,'2024-Q4',3,'2024-12-31'),
(739,1739,'2024-Q4',3,'2024-12-31'),
(740,1740,'2024-Q4',4,'2024-12-31'),
(741,1741,'2024-Q4',5,'2024-12-31'),
(742,1742,'2024-Q4',3,'2024-12-31'),
(743,1743,'2024-Q4',4,'2024-12-31'),
(744,1744,'2024-Q4',4,'2024-12-31'),
(745,1745,'2024-Q4',3,'2024-12-31'),
(746,1746,'2024-Q4',5,'2024-12-31'),
(747,1747,'2024-Q4',3,'2024-12-31'),
(748,1748,'2024-Q4',3,'2024-12-31'),
(749,1749,'2024-Q4',3,'2024-12-31'),
(750,1750,'2024-Q4',5,'2024-12-31'),
(751,1751,'2024-Q4',4,'2024-12-31'),
(752,1752,'2024-Q4',3,'2024-12-31'),
(753,1753,'2024-Q4',3,'2024-12-31'),
(754,1754,'2024-Q4',3,'2024-12-31'),
(755,1755,'2024-Q4',2,'2024-12-31'),
(756,1756,'2024-Q4',4,'2024-12-31'),
(757,1757,'2024-Q4',4,'2024-12-31'),
(758,1758,'2024-Q4',4,'2024-12-31'),
(759,1759,'2024-Q4',3,'2024-12-31'),
(760,1760,'2024-Q4',5,'2024-12-31'),
(761,1761,'2024-Q4',5,'2024-12-31'),
(762,1762,'2024-Q4',5,'2024-12-31'),
(763,1763,'2024-Q4',3,'2024-12-31'),
(764,1764,'2024-Q4',3,'2024-12-31'),
(765,1765,'2024-Q4',4,'2024-12-31'),
(766,1766,'2024-Q4',2,'2024-12-31'),
(767,1767,'2024-Q4',2,'2024-12-31'),
(768,1768,'2024-Q4',3,'2024-12-31'),
(769,1769,'2024-Q4',3,'2024-12-31'),
(770,1770,'2024-Q4',5,'2024-12-31'),
(771,1771,'2024-Q4',1,'2024-12-31'),
(772,1772,'2024-Q4',2,'2024-12-31'),
(773,1773,'2024-Q4',2,'2024-12-31'),
(774,1774,'2024-Q4',3,'2024-12-31'),
(775,1775,'2024-Q4',1,'2024-12-31'),
(776,1776,'2024-Q4',2,'2024-12-31'),
(777,1777,'2024-Q4',3,'2024-12-31'),
(778,1778,'2024-Q4',5,'2024-12-31'),
(779,1779,'2024-Q4',3,'2024-12-31'),
(780,1780,'2024-Q4',3,'2024-12-31'),
(781,1781,'2024-Q4',3,'2024-12-31'),
(782,1782,'2024-Q4',3,'2024-12-31'),
(783,1783,'2024-Q4',5,'2024-12-31'),
(784,1784,'2024-Q4',1,'2024-12-31'),
(785,1785,'2024-Q4',4,'2024-12-31'),
(786,1786,'2024-Q4',4,'2024-12-31'),
(787,1787,'2024-Q4',4,'2024-12-31'),
(788,1788,'2024-Q4',4,'2024-12-31'),
(789,1789,'2024-Q4',5,'2024-12-31'),
(790,1790,'2024-Q4',3,'2024-12-31'),
(791,1791,'2024-Q4',2,'2024-12-31'),
(792,1792,'2024-Q4',2,'2024-12-31'),
(793,1793,'2024-Q4',3,'2024-12-31'),
(794,1794,'2024-Q4',2,'2024-12-31'),
(795,1795,'2024-Q4',3,'2024-12-31'),
(796,1796,'2024-Q4',3,'2024-12-31'),
(797,1797,'2024-Q4',3,'2024-12-31'),
(798,1798,'2024-Q4',4,'2024-12-31'),
(799,1799,'2024-Q4',2,'2024-12-31'),
(800,1800,'2024-Q4',2,'2024-12-31'),
(801,1801,'2024-Q4',4,'2024-12-31'),
(802,1802,'2024-Q4',4,'2024-12-31'),
(803,1803,'2024-Q4',5,'2024-12-31'),
(804,1804,'2024-Q4',5,'2024-12-31'),
(805,1805,'2024-Q4',2,'2024-12-31'),
(806,1806,'2024-Q4',3,'2024-12-31'),
(807,1807,'2024-Q4',2,'2024-12-31'),
(808,1808,'2024-Q4',3,'2024-12-31'),
(809,1809,'2024-Q4',4,'2024-12-31'),
(810,1810,'2024-Q4',4,'2024-12-31'),
(811,1811,'2024-Q4',3,'2024-12-31'),
(812,1812,'2024-Q4',4,'2024-12-31'),
(813,1813,'2024-Q4',2,'2024-12-31'),
(814,1814,'2024-Q4',5,'2024-12-31'),
(815,1815,'2024-Q4',3,'2024-12-31'),
(816,1816,'2024-Q4',3,'2024-12-31'),
(817,1817,'2024-Q4',2,'2024-12-31'),
(818,1818,'2024-Q4',3,'2024-12-31'),
(819,1819,'2024-Q4',3,'2024-12-31'),
(820,1820,'2024-Q4',4,'2024-12-31'),
(821,1821,'2024-Q4',3,'2024-12-31'),
(822,1822,'2024-Q4',5,'2024-12-31'),
(823,1823,'2024-Q4',4,'2024-12-31'),
(824,1824,'2024-Q4',4,'2024-12-31'),
(825,1825,'2024-Q4',3,'2024-12-31'),
(826,1826,'2024-Q4',4,'2024-12-31'),
(827,1827,'2024-Q4',2,'2024-12-31'),
(828,1828,'2024-Q4',3,'2024-12-31'),
(829,1829,'2024-Q4',3,'2024-12-31'),
(830,1830,'2024-Q4',2,'2024-12-31'),
(831,1831,'2024-Q4',2,'2024-12-31'),
(832,1832,'2024-Q4',3,'2024-12-31'),
(833,1833,'2024-Q4',5,'2024-12-31'),
(834,1834,'2024-Q4',2,'2024-12-31'),
(835,1835,'2024-Q4',2,'2024-12-31'),
(836,1836,'2024-Q4',1,'2024-12-31'),
(837,1837,'2024-Q4',3,'2024-12-31'),
(838,1838,'2024-Q4',3,'2024-12-31'),
(839,1839,'2024-Q4',2,'2024-12-31'),
(840,1840,'2024-Q4',4,'2024-12-31'),
(841,1841,'2024-Q4',5,'2024-12-31'),
(842,1842,'2024-Q4',4,'2024-12-31'),
(843,1843,'2024-Q4',3,'2024-12-31'),
(844,1844,'2024-Q4',4,'2024-12-31'),
(845,1845,'2024-Q4',4,'2024-12-31'),
(846,1846,'2024-Q4',4,'2024-12-31'),
(847,1847,'2024-Q4',3,'2024-12-31'),
(848,1848,'2024-Q4',4,'2024-12-31'),
(849,1849,'2024-Q4',4,'2024-12-31'),
(850,1850,'2024-Q4',3,'2024-12-31'),
(851,1851,'2024-Q4',3,'2024-12-31'),
(852,1852,'2024-Q4',2,'2024-12-31'),
(853,1853,'2024-Q4',4,'2024-12-31'),
(854,1854,'2024-Q4',2,'2024-12-31'),
(855,1855,'2024-Q4',1,'2024-12-31'),
(856,1856,'2024-Q4',3,'2024-12-31'),
(857,1857,'2024-Q4',4,'2024-12-31'),
(858,1858,'2024-Q4',4,'2024-12-31'),
(859,1859,'2024-Q4',4,'2024-12-31'),
(860,1860,'2024-Q4',3,'2024-12-31'),
(861,1861,'2024-Q4',2,'2024-12-31'),
(862,1862,'2024-Q4',3,'2024-12-31'),
(863,1863,'2024-Q4',5,'2024-12-31'),
(864,1864,'2024-Q4',4,'2024-12-31'),
(865,1865,'2024-Q4',2,'2024-12-31'),
(866,1866,'2024-Q4',3,'2024-12-31'),
(867,1867,'2024-Q4',4,'2024-12-31'),
(868,1868,'2024-Q4',3,'2024-12-31'),
(869,1869,'2024-Q4',4,'2024-12-31'),
(870,1870,'2024-Q4',3,'2024-12-31'),
(871,1871,'2024-Q4',3,'2024-12-31'),
(872,1872,'2024-Q4',3,'2024-12-31'),
(873,1873,'2024-Q4',5,'2024-12-31'),
(874,1874,'2024-Q4',4,'2024-12-31'),
(875,1875,'2024-Q4',4,'2024-12-31'),
(876,1876,'2024-Q4',4,'2024-12-31'),
(877,1877,'2024-Q4',5,'2024-12-31'),
(878,1878,'2024-Q4',3,'2024-12-31'),
(879,1879,'2024-Q4',3,'2024-12-31'),
(880,1880,'2024-Q4',4,'2024-12-31'),
(881,1881,'2024-Q4',3,'2024-12-31'),
(882,1882,'2024-Q4',3,'2024-12-31'),
(883,1883,'2024-Q4',3,'2024-12-31'),
(884,1884,'2024-Q4',5,'2024-12-31'),
(885,1885,'2024-Q4',5,'2024-12-31'),
(886,1886,'2024-Q4',3,'2024-12-31'),
(887,1887,'2024-Q4',4,'2024-12-31'),
(888,1888,'2024-Q4',4,'2024-12-31'),
(889,1889,'2024-Q4',2,'2024-12-31'),
(890,1890,'2024-Q4',3,'2024-12-31'),
(891,1891,'2024-Q4',3,'2024-12-31'),
(892,1892,'2024-Q4',3,'2024-12-31'),
(893,1893,'2024-Q4',3,'2024-12-31'),
(894,1894,'2024-Q4',3,'2024-12-31'),
(895,1895,'2024-Q4',2,'2024-12-31'),
(896,1896,'2024-Q4',4,'2024-12-31'),
(897,1897,'2024-Q4',3,'2024-12-31'),
(898,1898,'2024-Q4',3,'2024-12-31'),
(899,1899,'2024-Q4',4,'2024-12-31'),
(900,1900,'2024-Q4',2,'2024-12-31'),
(901,1901,'2024-Q4',4,'2024-12-31'),
(902,1902,'2024-Q4',3,'2024-12-31'),
(903,1903,'2024-Q4',4,'2024-12-31'),
(904,1904,'2024-Q4',3,'2024-12-31'),
(905,1905,'2024-Q4',4,'2024-12-31'),
(906,1906,'2024-Q4',3,'2024-12-31'),
(907,1907,'2024-Q4',3,'2024-12-31'),
(908,1908,'2024-Q4',4,'2024-12-31'),
(909,1909,'2024-Q4',4,'2024-12-31'),
(910,1910,'2024-Q4',5,'2024-12-31'),
(911,1911,'2024-Q4',3,'2024-12-31'),
(912,1912,'2024-Q4',3,'2024-12-31'),
(913,1913,'2024-Q4',4,'2024-12-31'),
(914,1914,'2024-Q4',5,'2024-12-31'),
(915,1915,'2024-Q4',3,'2024-12-31'),
(916,1916,'2024-Q4',1,'2024-12-31'),
(917,1917,'2024-Q4',2,'2024-12-31'),
(918,1918,'2024-Q4',3,'2024-12-31'),
(919,1919,'2024-Q4',3,'2024-12-31'),
(920,1920,'2024-Q4',3,'2024-12-31'),
(921,1921,'2024-Q4',3,'2024-12-31'),
(922,1922,'2024-Q4',4,'2024-12-31'),
(923,1923,'2024-Q4',1,'2024-12-31'),
(924,1924,'2024-Q4',3,'2024-12-31'),
(925,1925,'2024-Q4',3,'2024-12-31'),
(926,1926,'2024-Q4',4,'2024-12-31'),
(927,1927,'2024-Q4',4,'2024-12-31'),
(928,1928,'2024-Q4',3,'2024-12-31'),
(929,1929,'2024-Q4',2,'2024-12-31'),
(930,1930,'2024-Q4',3,'2024-12-31'),
(931,1931,'2024-Q4',4,'2024-12-31'),
(932,1932,'2024-Q4',4,'2024-12-31'),
(933,1933,'2024-Q4',5,'2024-12-31'),
(934,1934,'2024-Q4',4,'2024-12-31'),
(935,1935,'2024-Q4',5,'2024-12-31'),
(936,1936,'2024-Q4',3,'2024-12-31'),
(937,1937,'2024-Q4',4,'2024-12-31'),
(938,1938,'2024-Q4',4,'2024-12-31'),
(939,1939,'2024-Q4',3,'2024-12-31'),
(940,1940,'2024-Q4',5,'2024-12-31'),
(941,1941,'2024-Q4',3,'2024-12-31'),
(942,1942,'2024-Q4',3,'2024-12-31'),
(943,1943,'2024-Q4',4,'2024-12-31'),
(944,1944,'2024-Q4',4,'2024-12-31'),
(945,1945,'2024-Q4',3,'2024-12-31'),
(946,1946,'2024-Q4',3,'2024-12-31'),
(947,1947,'2024-Q4',4,'2024-12-31'),
(948,1948,'2024-Q4',2,'2024-12-31'),
(949,1949,'2024-Q4',4,'2024-12-31'),
(950,1950,'2024-Q4',2,'2024-12-31'),
(951,1951,'2024-Q4',3,'2024-12-31'),
(952,1952,'2024-Q4',2,'2024-12-31'),
(953,1953,'2024-Q4',3,'2024-12-31'),
(954,1954,'2024-Q4',3,'2024-12-31'),
(955,1955,'2024-Q4',2,'2024-12-31'),
(956,1956,'2024-Q4',2,'2024-12-31'),
(957,1957,'2024-Q4',4,'2024-12-31'),
(958,1958,'2024-Q4',3,'2024-12-31'),
(959,1959,'2024-Q4',3,'2024-12-31'),
(960,1960,'2024-Q4',4,'2024-12-31'),
(961,1961,'2024-Q4',2,'2024-12-31'),
(962,1962,'2024-Q4',2,'2024-12-31'),
(963,1963,'2024-Q4',3,'2024-12-31'),
(964,1964,'2024-Q4',4,'2024-12-31'),
(965,1965,'2024-Q4',4,'2024-12-31'),
(966,1966,'2024-Q4',3,'2024-12-31'),
(967,1967,'2024-Q4',4,'2024-12-31'),
(968,1968,'2024-Q4',4,'2024-12-31'),
(969,1969,'2024-Q4',2,'2024-12-31'),
(970,1970,'2024-Q4',2,'2024-12-31'),
(971,1971,'2024-Q4',5,'2024-12-31'),
(972,1972,'2024-Q4',3,'2024-12-31'),
(973,1973,'2024-Q4',3,'2024-12-31'),
(974,1974,'2024-Q4',3,'2024-12-31'),
(975,1975,'2024-Q4',4,'2024-12-31'),
(976,1976,'2024-Q4',4,'2024-12-31'),
(977,1977,'2024-Q4',5,'2024-12-31'),
(978,1978,'2024-Q4',3,'2024-12-31'),
(979,1979,'2024-Q4',3,'2024-12-31'),
(980,1980,'2024-Q4',3,'2024-12-31'),
(981,1981,'2024-Q4',3,'2024-12-31'),
(982,1982,'2024-Q4',4,'2024-12-31'),
(983,1983,'2024-Q4',3,'2024-12-31'),
(984,1984,'2024-Q4',2,'2024-12-31'),
(985,1985,'2024-Q4',3,'2024-12-31'),
(986,1986,'2024-Q4',3,'2024-12-31'),
(987,1987,'2024-Q4',2,'2024-12-31'),
(988,1988,'2024-Q4',3,'2024-12-31'),
(989,1989,'2024-Q4',2,'2024-12-31'),
(990,1990,'2024-Q4',3,'2024-12-31'),
(991,1991,'2024-Q4',4,'2024-12-31'),
(992,1992,'2024-Q4',3,'2024-12-31'),
(993,1993,'2024-Q4',3,'2024-12-31'),
(994,1994,'2024-Q4',5,'2024-12-31'),
(995,1995,'2024-Q4',4,'2024-12-31'),
(996,1996,'2024-Q4',5,'2024-12-31'),
(997,1997,'2024-Q4',3,'2024-12-31'),
(998,1998,'2024-Q4',4,'2024-12-31'),
(999,1999,'2024-Q4',4,'2024-12-31'),
(1000,2000,'2024-Q4',4,'2024-12-31'),
(1001,2001,'2024-Q4',4,'2024-12-31'),
(1002,2002,'2024-Q4',3,'2024-12-31'),
(1003,2003,'2024-Q4',3,'2024-12-31'),
(1004,2004,'2024-Q4',2,'2024-12-31'),
(1005,2005,'2024-Q4',3,'2024-12-31'),
(1006,2006,'2024-Q4',1,'2024-12-31'),
(1007,2007,'2024-Q4',2,'2024-12-31'),
(1008,2008,'2024-Q4',4,'2024-12-31'),
(1009,2009,'2024-Q4',4,'2024-12-31'),
(1010,2010,'2024-Q4',5,'2024-12-31'),
(1011,2011,'2024-Q4',3,'2024-12-31'),
(1012,2012,'2024-Q4',4,'2024-12-31'),
(1013,2013,'2024-Q4',5,'2024-12-31'),
(1014,2014,'2024-Q4',3,'2024-12-31'),
(1015,2015,'2024-Q4',5,'2024-12-31'),
(1016,2016,'2024-Q4',5,'2024-12-31'),
(1017,2017,'2024-Q4',4,'2024-12-31'),
(1018,2018,'2024-Q4',5,'2024-12-31'),
(1019,2019,'2024-Q4',5,'2024-12-31'),
(1020,2020,'2024-Q4',3,'2024-12-31'),
(1021,2021,'2024-Q4',1,'2024-12-31'),
(1022,2022,'2024-Q4',4,'2024-12-31'),
(1023,2023,'2024-Q4',4,'2024-12-31'),
(1024,2024,'2024-Q4',2,'2024-12-31'),
(1025,2025,'2024-Q4',5,'2024-12-31'),
(1026,2026,'2024-Q4',2,'2024-12-31'),
(1027,2027,'2024-Q4',2,'2024-12-31'),
(1028,2028,'2024-Q4',4,'2024-12-31'),
(1029,2029,'2024-Q4',5,'2024-12-31'),
(1030,2030,'2024-Q4',3,'2024-12-31'),
(1031,2031,'2024-Q4',4,'2024-12-31'),
(1032,2032,'2024-Q4',3,'2024-12-31'),
(1033,2033,'2024-Q4',3,'2024-12-31'),
(1034,2034,'2024-Q4',3,'2024-12-31'),
(1035,2035,'2024-Q4',3,'2024-12-31'),
(1036,2036,'2024-Q4',5,'2024-12-31'),
(1037,2037,'2024-Q4',4,'2024-12-31'),
(1038,2038,'2024-Q4',4,'2024-12-31'),
(1039,2039,'2024-Q4',3,'2024-12-31'),
(1040,2040,'2024-Q4',3,'2024-12-31'),
(1041,2041,'2024-Q4',3,'2024-12-31'),
(1042,2042,'2024-Q4',4,'2024-12-31'),
(1043,2043,'2024-Q4',1,'2024-12-31'),
(1044,2044,'2024-Q4',1,'2024-12-31'),
(1045,2045,'2024-Q4',3,'2024-12-31'),
(1046,2046,'2024-Q4',3,'2024-12-31'),
(1047,2047,'2024-Q4',3,'2024-12-31'),
(1048,2048,'2024-Q4',3,'2024-12-31'),
(1049,2049,'2024-Q4',3,'2024-12-31'),
(1050,2050,'2024-Q4',1,'2024-12-31'),
(1051,2051,'2024-Q4',3,'2024-12-31'),
(1052,2052,'2024-Q4',3,'2024-12-31'),
(1053,2053,'2024-Q4',3,'2024-12-31'),
(1054,2054,'2024-Q4',2,'2024-12-31'),
(1055,2055,'2024-Q4',3,'2024-12-31'),
(1056,2056,'2024-Q4',5,'2024-12-31'),
(1057,2057,'2024-Q4',5,'2024-12-31'),
(1058,2058,'2024-Q4',3,'2024-12-31'),
(1059,2059,'2024-Q4',4,'2024-12-31'),
(1060,2060,'2024-Q4',4,'2024-12-31'),
(1061,2061,'2024-Q4',5,'2024-12-31'),
(1062,2062,'2024-Q4',3,'2024-12-31'),
(1063,2063,'2024-Q4',2,'2024-12-31'),
(1064,2064,'2024-Q4',2,'2024-12-31'),
(1065,2065,'2024-Q4',3,'2024-12-31'),
(1066,2066,'2024-Q4',4,'2024-12-31'),
(1067,2067,'2024-Q4',3,'2024-12-31'),
(1068,2068,'2024-Q4',3,'2024-12-31'),
(1069,2069,'2024-Q4',5,'2024-12-31'),
(1070,2070,'2024-Q4',5,'2024-12-31'),
(1071,2071,'2024-Q4',5,'2024-12-31'),
(1072,2072,'2024-Q4',5,'2024-12-31'),
(1073,2073,'2024-Q4',3,'2024-12-31'),
(1074,2074,'2024-Q4',2,'2024-12-31'),
(1075,2075,'2024-Q4',5,'2024-12-31'),
(1076,2076,'2024-Q4',2,'2024-12-31'),
(1077,2077,'2024-Q4',2,'2024-12-31'),
(1078,2078,'2024-Q4',5,'2024-12-31'),
(1079,2079,'2024-Q4',5,'2024-12-31'),
(1080,2080,'2024-Q4',5,'2024-12-31'),
(1081,2081,'2024-Q4',5,'2024-12-31'),
(1082,2082,'2024-Q4',5,'2024-12-31'),
(1083,2083,'2024-Q4',3,'2024-12-31'),
(1084,2084,'2024-Q4',3,'2024-12-31'),
(1085,2085,'2024-Q4',5,'2024-12-31'),
(1086,2086,'2024-Q4',4,'2024-12-31'),
(1087,2087,'2024-Q4',3,'2024-12-31'),
(1088,2088,'2024-Q4',2,'2024-12-31'),
(1089,2089,'2024-Q4',4,'2024-12-31'),
(1090,2090,'2024-Q4',5,'2024-12-31'),
(1091,2091,'2024-Q4',3,'2024-12-31'),
(1092,2092,'2024-Q4',3,'2024-12-31'),
(1093,2093,'2024-Q4',2,'2024-12-31'),
(1094,2094,'2024-Q4',5,'2024-12-31'),
(1095,2095,'2024-Q4',4,'2024-12-31'),
(1096,2096,'2024-Q4',5,'2024-12-31'),
(1097,2097,'2024-Q4',5,'2024-12-31'),
(1098,2098,'2024-Q4',4,'2024-12-31'),
(1099,2099,'2024-Q4',3,'2024-12-31'),
(1100,2100,'2024-Q4',3,'2024-12-31'),
(1101,2101,'2024-Q4',3,'2024-12-31'),
(1102,2102,'2024-Q4',3,'2024-12-31'),
(1103,2103,'2024-Q4',4,'2024-12-31'),
(1104,2104,'2024-Q4',3,'2024-12-31'),
(1105,2105,'2024-Q4',3,'2024-12-31'),
(1106,2106,'2024-Q4',3,'2024-12-31'),
(1107,2107,'2024-Q4',4,'2024-12-31'),
(1108,2108,'2024-Q4',3,'2024-12-31'),
(1109,2109,'2024-Q4',4,'2024-12-31'),
(1110,2110,'2024-Q4',3,'2024-12-31'),
(1111,2111,'2024-Q4',3,'2024-12-31'),
(1112,2112,'2024-Q4',4,'2024-12-31'),
(1113,2113,'2024-Q4',5,'2024-12-31'),
(1114,2114,'2024-Q4',3,'2024-12-31'),
(1115,2115,'2024-Q4',4,'2024-12-31'),
(1116,2116,'2024-Q4',3,'2024-12-31'),
(1117,2117,'2024-Q4',4,'2024-12-31'),
(1118,2118,'2024-Q4',3,'2024-12-31'),
(1119,2119,'2024-Q4',4,'2024-12-31'),
(1120,2120,'2024-Q4',3,'2024-12-31'),
(1121,2121,'2024-Q4',3,'2024-12-31'),
(1122,2122,'2024-Q4',4,'2024-12-31'),
(1123,2123,'2024-Q4',3,'2024-12-31'),
(1124,2124,'2024-Q4',4,'2024-12-31'),
(1125,2125,'2024-Q4',4,'2024-12-31'),
(1126,2126,'2024-Q4',4,'2024-12-31'),
(1127,2127,'2024-Q4',4,'2024-12-31'),
(1128,2128,'2024-Q4',3,'2024-12-31'),
(1129,2129,'2024-Q4',5,'2024-12-31'),
(1130,2130,'2024-Q4',3,'2024-12-31'),
(1131,2131,'2024-Q4',4,'2024-12-31'),
(1132,2132,'2024-Q4',5,'2024-12-31'),
(1133,2133,'2024-Q4',2,'2024-12-31'),
(1134,2134,'2024-Q4',3,'2024-12-31'),
(1135,2135,'2024-Q4',3,'2024-12-31'),
(1136,2136,'2024-Q4',3,'2024-12-31'),
(1137,2137,'2024-Q4',3,'2024-12-31'),
(1138,2138,'2024-Q4',5,'2024-12-31'),
(1139,2139,'2024-Q4',3,'2024-12-31'),
(1140,2140,'2024-Q4',1,'2024-12-31'),
(1141,2141,'2024-Q4',5,'2024-12-31'),
(1142,2142,'2024-Q4',5,'2024-12-31'),
(1143,2143,'2024-Q4',3,'2024-12-31'),
(1144,2144,'2024-Q4',4,'2024-12-31'),
(1145,2145,'2024-Q4',4,'2024-12-31'),
(1146,2146,'2024-Q4',4,'2024-12-31'),
(1147,2147,'2024-Q4',3,'2024-12-31'),
(1148,2148,'2024-Q4',3,'2024-12-31'),
(1149,2149,'2024-Q4',4,'2024-12-31'),
(1150,2150,'2024-Q4',2,'2024-12-31'),
(1151,2151,'2024-Q4',5,'2024-12-31'),
(1152,2152,'2024-Q4',5,'2024-12-31'),
(1153,2153,'2024-Q4',4,'2024-12-31'),
(1154,2154,'2024-Q4',3,'2024-12-31'),
(1155,2155,'2024-Q4',3,'2024-12-31'),
(1156,2156,'2024-Q4',3,'2024-12-31'),
(1157,2157,'2024-Q4',4,'2024-12-31'),
(1158,2158,'2024-Q4',3,'2024-12-31'),
(1159,2159,'2024-Q4',5,'2024-12-31'),
(1160,2160,'2024-Q4',2,'2024-12-31'),
(1161,2161,'2024-Q4',4,'2024-12-31'),
(1162,2162,'2024-Q4',4,'2024-12-31'),
(1163,2163,'2024-Q4',3,'2024-12-31'),
(1164,2164,'2024-Q4',1,'2024-12-31'),
(1165,2165,'2024-Q4',1,'2024-12-31'),
(1166,2166,'2024-Q4',4,'2024-12-31'),
(1167,2167,'2024-Q4',3,'2024-12-31'),
(1168,2168,'2024-Q4',2,'2024-12-31'),
(1169,2169,'2024-Q4',3,'2024-12-31'),
(1170,2170,'2024-Q4',4,'2024-12-31'),
(1171,2171,'2024-Q4',4,'2024-12-31'),
(1172,2172,'2024-Q4',3,'2024-12-31'),
(1173,2173,'2024-Q4',5,'2024-12-31'),
(1174,2174,'2024-Q4',5,'2024-12-31'),
(1175,2175,'2024-Q4',3,'2024-12-31'),
(1176,2176,'2024-Q4',3,'2024-12-31'),
(1177,2177,'2024-Q4',3,'2024-12-31'),
(1178,2178,'2024-Q4',4,'2024-12-31'),
(1179,2179,'2024-Q4',4,'2024-12-31'),
(1180,2180,'2024-Q4',3,'2024-12-31'),
(1181,2181,'2024-Q4',3,'2024-12-31'),
(1182,2182,'2024-Q4',3,'2024-12-31'),
(1183,2183,'2024-Q4',4,'2024-12-31'),
(1184,2184,'2024-Q4',3,'2024-12-31'),
(1185,2185,'2024-Q4',2,'2024-12-31'),
(1186,2186,'2024-Q4',4,'2024-12-31'),
(1187,2187,'2024-Q4',3,'2024-12-31'),
(1188,2188,'2024-Q4',3,'2024-12-31'),
(1189,2189,'2024-Q4',1,'2024-12-31'),
(1190,2190,'2024-Q4',2,'2024-12-31'),
(1191,2191,'2024-Q4',3,'2024-12-31'),
(1192,2192,'2024-Q4',2,'2024-12-31'),
(1193,2193,'2024-Q4',3,'2024-12-31'),
(1194,2194,'2024-Q4',2,'2024-12-31'),
(1195,2195,'2024-Q4',3,'2024-12-31'),
(1196,2196,'2024-Q4',3,'2024-12-31'),
(1197,2197,'2024-Q4',3,'2024-12-31'),
(1198,2198,'2024-Q4',3,'2024-12-31'),
(1199,2199,'2024-Q4',2,'2024-12-31'),
(1200,2200,'2024-Q4',2,'2024-12-31'),
(1201,2201,'2024-Q4',5,'2024-12-31'),
(1202,2202,'2024-Q4',4,'2024-12-31'),
(1203,2203,'2024-Q4',3,'2024-12-31'),
(1204,2204,'2024-Q4',1,'2024-12-31'),
(1205,2205,'2024-Q4',3,'2024-12-31'),
(1206,2206,'2024-Q4',3,'2024-12-31'),
(1207,2207,'2024-Q4',3,'2024-12-31'),
(1208,2208,'2024-Q4',3,'2024-12-31'),
(1209,2209,'2024-Q4',4,'2024-12-31'),
(1210,2210,'2024-Q4',2,'2024-12-31'),
(1211,2211,'2024-Q4',3,'2024-12-31'),
(1212,2212,'2024-Q4',3,'2024-12-31'),
(1213,2213,'2024-Q4',2,'2024-12-31'),
(1214,2214,'2024-Q4',2,'2024-12-31'),
(1215,2215,'2024-Q4',1,'2024-12-31'),
(1216,2216,'2024-Q4',3,'2024-12-31'),
(1217,2217,'2024-Q4',4,'2024-12-31'),
(1218,2218,'2024-Q4',2,'2024-12-31'),
(1219,2219,'2024-Q4',5,'2024-12-31'),
(1220,2220,'2024-Q4',3,'2024-12-31'),
(1221,2221,'2024-Q4',4,'2024-12-31'),
(1222,2222,'2024-Q4',3,'2024-12-31'),
(1223,2223,'2024-Q4',3,'2024-12-31'),
(1224,2224,'2024-Q4',4,'2024-12-31'),
(1225,2225,'2024-Q4',4,'2024-12-31'),
(1226,2226,'2024-Q4',1,'2024-12-31'),
(1227,2227,'2024-Q4',4,'2024-12-31'),
(1228,2228,'2024-Q4',1,'2024-12-31'),
(1229,2229,'2024-Q4',4,'2024-12-31'),
(1230,2230,'2024-Q4',3,'2024-12-31'),
(1231,2231,'2024-Q4',3,'2024-12-31'),
(1232,2232,'2024-Q4',4,'2024-12-31'),
(1233,2233,'2024-Q4',4,'2024-12-31'),
(1234,2234,'2024-Q4',3,'2024-12-31'),
(1235,2235,'2024-Q4',4,'2024-12-31'),
(1236,2236,'2024-Q4',3,'2024-12-31'),
(1237,2237,'2024-Q4',4,'2024-12-31'),
(1238,2238,'2024-Q4',3,'2024-12-31'),
(1239,2239,'2024-Q4',3,'2024-12-31'),
(1240,2240,'2024-Q4',3,'2024-12-31'),
(1241,2241,'2024-Q4',3,'2024-12-31'),
(1242,2242,'2024-Q4',4,'2024-12-31'),
(1243,2243,'2024-Q4',4,'2024-12-31'),
(1244,2244,'2024-Q4',3,'2024-12-31'),
(1245,2245,'2024-Q4',2,'2024-12-31'),
(1246,2246,'2024-Q4',4,'2024-12-31'),
(1247,2247,'2024-Q4',3,'2024-12-31'),
(1248,2248,'2024-Q4',4,'2024-12-31'),
(1249,2249,'2024-Q4',2,'2024-12-31'),
(1250,2250,'2024-Q4',3,'2024-12-31'),
(1251,2251,'2024-Q4',4,'2024-12-31'),
(1252,2252,'2024-Q4',3,'2024-12-31'),
(1253,2253,'2024-Q4',2,'2024-12-31'),
(1254,2254,'2024-Q4',3,'2024-12-31'),
(1255,2255,'2024-Q4',3,'2024-12-31'),
(1256,2256,'2024-Q4',1,'2024-12-31'),
(1257,2257,'2024-Q4',3,'2024-12-31'),
(1258,2258,'2024-Q4',5,'2024-12-31'),
(1259,2259,'2024-Q4',3,'2024-12-31'),
(1260,2260,'2024-Q4',1,'2024-12-31'),
(1261,2261,'2024-Q4',4,'2024-12-31'),
(1262,2262,'2024-Q4',3,'2024-12-31'),
(1263,2263,'2024-Q4',2,'2024-12-31'),
(1264,2264,'2024-Q4',3,'2024-12-31'),
(1265,2265,'2024-Q4',3,'2024-12-31'),
(1266,2266,'2024-Q4',2,'2024-12-31'),
(1267,2267,'2024-Q4',3,'2024-12-31'),
(1268,2268,'2024-Q4',4,'2024-12-31'),
(1269,2269,'2024-Q4',3,'2024-12-31'),
(1270,2270,'2024-Q4',3,'2024-12-31'),
(1271,2271,'2024-Q4',1,'2024-12-31'),
(1272,2272,'2024-Q4',4,'2024-12-31'),
(1273,2273,'2024-Q4',3,'2024-12-31'),
(1274,2274,'2024-Q4',4,'2024-12-31'),
(1275,2275,'2024-Q4',2,'2024-12-31'),
(1276,2276,'2024-Q4',3,'2024-12-31'),
(1277,2277,'2024-Q4',3,'2024-12-31'),
(1278,2278,'2024-Q4',4,'2024-12-31'),
(1279,2279,'2024-Q4',1,'2024-12-31'),
(1280,2280,'2024-Q4',3,'2024-12-31'),
(1281,2281,'2024-Q4',3,'2024-12-31'),
(1282,2282,'2024-Q4',3,'2024-12-31'),
(1283,2283,'2024-Q4',5,'2024-12-31'),
(1284,2284,'2024-Q4',1,'2024-12-31'),
(1285,2285,'2024-Q4',3,'2024-12-31'),
(1286,2286,'2024-Q4',3,'2024-12-31'),
(1287,2287,'2024-Q4',3,'2024-12-31'),
(1288,2288,'2024-Q4',3,'2024-12-31'),
(1289,2289,'2024-Q4',2,'2024-12-31'),
(1290,2290,'2024-Q4',4,'2024-12-31'),
(1291,2291,'2024-Q4',4,'2024-12-31'),
(1292,2292,'2024-Q4',2,'2024-12-31'),
(1293,2293,'2024-Q4',4,'2024-12-31'),
(1294,2294,'2024-Q4',4,'2024-12-31'),
(1295,2295,'2024-Q4',4,'2024-12-31'),
(1296,2296,'2024-Q4',3,'2024-12-31'),
(1297,2297,'2024-Q4',3,'2024-12-31'),
(1298,2298,'2024-Q4',4,'2024-12-31'),
(1299,2299,'2024-Q4',4,'2024-12-31'),
(1300,2300,'2024-Q4',4,'2024-12-31'),
(1301,2301,'2024-Q4',2,'2024-12-31'),
(1302,2302,'2024-Q4',2,'2024-12-31'),
(1303,2303,'2024-Q4',5,'2024-12-31'),
(1304,2304,'2024-Q4',2,'2024-12-31'),
(1305,2305,'2024-Q4',4,'2024-12-31'),
(1306,2306,'2024-Q4',3,'2024-12-31'),
(1307,2307,'2024-Q4',4,'2024-12-31'),
(1308,2308,'2024-Q4',4,'2024-12-31'),
(1309,2309,'2024-Q4',3,'2024-12-31'),
(1310,2310,'2024-Q4',4,'2024-12-31'),
(1311,2311,'2024-Q4',4,'2024-12-31'),
(1312,2312,'2024-Q4',3,'2024-12-31'),
(1313,2313,'2024-Q4',3,'2024-12-31'),
(1314,2314,'2024-Q4',4,'2024-12-31'),
(1315,2315,'2024-Q4',4,'2024-12-31'),
(1316,2316,'2024-Q4',3,'2024-12-31'),
(1317,2317,'2024-Q4',5,'2024-12-31'),
(1318,2318,'2024-Q4',3,'2024-12-31'),
(1319,2319,'2024-Q4',1,'2024-12-31'),
(1320,2320,'2024-Q4',3,'2024-12-31'),
(1321,2321,'2024-Q4',5,'2024-12-31'),
(1322,2322,'2024-Q4',4,'2024-12-31'),
(1323,2323,'2024-Q4',3,'2024-12-31'),
(1324,2324,'2024-Q4',3,'2024-12-31'),
(1325,2325,'2024-Q4',5,'2024-12-31'),
(1326,2326,'2024-Q4',3,'2024-12-31'),
(1327,2327,'2024-Q4',3,'2024-12-31'),
(1328,2328,'2024-Q4',4,'2024-12-31'),
(1329,2329,'2024-Q4',3,'2024-12-31'),
(1330,2330,'2024-Q4',3,'2024-12-31'),
(1331,2331,'2024-Q4',1,'2024-12-31'),
(1332,2332,'2024-Q4',5,'2024-12-31'),
(1333,2333,'2024-Q4',3,'2024-12-31'),
(1334,2334,'2024-Q4',4,'2024-12-31'),
(1335,2335,'2024-Q4',3,'2024-12-31'),
(1336,2336,'2024-Q4',2,'2024-12-31'),
(1337,2337,'2024-Q4',3,'2024-12-31'),
(1338,2338,'2024-Q4',3,'2024-12-31'),
(1339,2339,'2024-Q4',4,'2024-12-31'),
(1340,2340,'2024-Q4',5,'2024-12-31'),
(1341,2341,'2024-Q4',5,'2024-12-31'),
(1342,2342,'2024-Q4',3,'2024-12-31'),
(1343,2343,'2024-Q4',4,'2024-12-31'),
(1344,2344,'2024-Q4',4,'2024-12-31'),
(1345,2345,'2024-Q4',5,'2024-12-31'),
(1346,2346,'2024-Q4',3,'2024-12-31'),
(1347,2347,'2024-Q4',3,'2024-12-31'),
(1348,2348,'2024-Q4',3,'2024-12-31'),
(1349,2349,'2024-Q4',3,'2024-12-31'),
(1350,2350,'2024-Q4',5,'2024-12-31'),
(1351,2351,'2024-Q4',4,'2024-12-31'),
(1352,2352,'2024-Q4',3,'2024-12-31'),
(1353,2353,'2024-Q4',5,'2024-12-31'),
(1354,2354,'2024-Q4',4,'2024-12-31'),
(1355,2355,'2024-Q4',4,'2024-12-31'),
(1356,2356,'2024-Q4',4,'2024-12-31'),
(1357,2357,'2024-Q4',2,'2024-12-31'),
(1358,2358,'2024-Q4',4,'2024-12-31'),
(1359,2359,'2024-Q4',3,'2024-12-31'),
(1360,2360,'2024-Q4',3,'2024-12-31'),
(1361,2361,'2024-Q4',3,'2024-12-31'),
(1362,2362,'2024-Q4',3,'2024-12-31'),
(1363,2363,'2024-Q4',3,'2024-12-31'),
(1364,2364,'2024-Q4',3,'2024-12-31'),
(1365,2365,'2024-Q4',5,'2024-12-31'),
(1366,2366,'2024-Q4',3,'2024-12-31'),
(1367,2367,'2024-Q4',4,'2024-12-31'),
(1368,2368,'2024-Q4',5,'2024-12-31'),
(1369,2369,'2024-Q4',3,'2024-12-31'),
(1370,2370,'2024-Q4',5,'2024-12-31'),
(1371,2371,'2024-Q4',5,'2024-12-31'),
(1372,2372,'2024-Q4',4,'2024-12-31'),
(1373,2373,'2024-Q4',4,'2024-12-31'),
(1374,2374,'2024-Q4',3,'2024-12-31'),
(1375,2375,'2024-Q4',3,'2024-12-31'),
(1376,2376,'2024-Q4',4,'2024-12-31'),
(1377,2377,'2024-Q4',4,'2024-12-31'),
(1378,2378,'2024-Q4',3,'2024-12-31'),
(1379,2379,'2024-Q4',4,'2024-12-31'),
(1380,2380,'2024-Q4',4,'2024-12-31'),
(1381,2381,'2024-Q4',4,'2024-12-31'),
(1382,2382,'2024-Q4',1,'2024-12-31'),
(1383,2383,'2024-Q4',3,'2024-12-31'),
(1384,2384,'2024-Q4',2,'2024-12-31'),
(1385,2385,'2024-Q4',4,'2024-12-31'),
(1386,2386,'2024-Q4',2,'2024-12-31'),
(1387,2387,'2024-Q4',4,'2024-12-31'),
(1388,2388,'2024-Q4',4,'2024-12-31'),
(1389,2389,'2024-Q4',3,'2024-12-31'),
(1390,2390,'2024-Q4',3,'2024-12-31'),
(1391,2391,'2024-Q4',4,'2024-12-31'),
(1392,2392,'2024-Q4',4,'2024-12-31'),
(1393,2393,'2024-Q4',4,'2024-12-31'),
(1394,2394,'2024-Q4',5,'2024-12-31'),
(1395,2395,'2024-Q4',4,'2024-12-31'),
(1396,2396,'2024-Q4',3,'2024-12-31'),
(1397,2397,'2024-Q4',2,'2024-12-31'),
(1398,2398,'2024-Q4',2,'2024-12-31'),
(1399,2399,'2024-Q4',3,'2024-12-31'),
(1400,2400,'2024-Q4',2,'2024-12-31'),
(1401,2401,'2024-Q4',2,'2024-12-31'),
(1402,2402,'2024-Q4',3,'2024-12-31'),
(1403,2403,'2024-Q4',3,'2024-12-31'),
(1404,2404,'2024-Q4',5,'2024-12-31'),
(1405,2405,'2024-Q4',3,'2024-12-31'),
(1406,2406,'2024-Q4',4,'2024-12-31'),
(1407,2407,'2024-Q4',2,'2024-12-31'),
(1408,2408,'2024-Q4',4,'2024-12-31'),
(1409,2409,'2024-Q4',3,'2024-12-31'),
(1410,2410,'2024-Q4',2,'2024-12-31'),
(1411,2411,'2024-Q4',2,'2024-12-31'),
(1412,2412,'2024-Q4',4,'2024-12-31'),
(1413,2413,'2024-Q4',2,'2024-12-31'),
(1414,2414,'2024-Q4',2,'2024-12-31'),
(1415,2415,'2024-Q4',3,'2024-12-31'),
(1416,2416,'2024-Q4',1,'2024-12-31'),
(1417,2417,'2024-Q4',5,'2024-12-31'),
(1418,2418,'2024-Q4',3,'2024-12-31'),
(1419,2419,'2024-Q4',3,'2024-12-31'),
(1420,2420,'2024-Q4',4,'2024-12-31'),
(1421,2421,'2024-Q4',5,'2024-12-31'),
(1422,2422,'2024-Q4',4,'2024-12-31'),
(1423,2423,'2024-Q4',3,'2024-12-31'),
(1424,2424,'2024-Q4',3,'2024-12-31'),
(1425,2425,'2024-Q4',3,'2024-12-31'),
(1426,2426,'2024-Q4',4,'2024-12-31'),
(1427,2427,'2024-Q4',3,'2024-12-31'),
(1428,2428,'2024-Q4',3,'2024-12-31'),
(1429,2429,'2024-Q4',3,'2024-12-31'),
(1430,2430,'2024-Q4',3,'2024-12-31'),
(1431,2431,'2024-Q4',3,'2024-12-31'),
(1432,2432,'2024-Q4',3,'2024-12-31'),
(1433,2433,'2024-Q4',3,'2024-12-31'),
(1434,2434,'2024-Q4',3,'2024-12-31'),
(1435,2435,'2024-Q4',2,'2024-12-31'),
(1436,2436,'2024-Q4',4,'2024-12-31'),
(1437,2437,'2024-Q4',5,'2024-12-31'),
(1438,2438,'2024-Q4',4,'2024-12-31'),
(1439,2439,'2024-Q4',4,'2024-12-31'),
(1440,2440,'2024-Q4',4,'2024-12-31'),
(1441,2441,'2024-Q4',4,'2024-12-31'),
(1442,2442,'2024-Q4',2,'2024-12-31'),
(1443,2443,'2024-Q4',3,'2024-12-31'),
(1444,2444,'2024-Q4',2,'2024-12-31'),
(1445,2445,'2024-Q4',3,'2024-12-31'),
(1446,2446,'2024-Q4',5,'2024-12-31'),
(1447,2447,'2024-Q4',3,'2024-12-31'),
(1448,2448,'2024-Q4',4,'2024-12-31'),
(1449,2449,'2024-Q4',4,'2024-12-31'),
(1450,2450,'2024-Q4',5,'2024-12-31'),
(1451,2451,'2024-Q4',5,'2024-12-31'),
(1452,2452,'2024-Q4',3,'2024-12-31'),
(1453,2453,'2024-Q4',3,'2024-12-31'),
(1454,2454,'2024-Q4',4,'2024-12-31'),
(1455,2455,'2024-Q4',3,'2024-12-31'),
(1456,2456,'2024-Q4',3,'2024-12-31'),
(1457,2457,'2024-Q4',4,'2024-12-31'),
(1458,2458,'2024-Q4',5,'2024-12-31'),
(1459,2459,'2024-Q4',3,'2024-12-31'),
(1460,2460,'2024-Q4',4,'2024-12-31'),
(1461,2461,'2024-Q4',3,'2024-12-31'),
(1462,2462,'2024-Q4',3,'2024-12-31'),
(1463,2463,'2024-Q4',4,'2024-12-31'),
(1464,2464,'2024-Q4',5,'2024-12-31'),
(1465,2465,'2024-Q4',3,'2024-12-31'),
(1466,2466,'2024-Q4',4,'2024-12-31'),
(1467,2467,'2024-Q4',3,'2024-12-31'),
(1468,2468,'2024-Q4',4,'2024-12-31'),
(1469,2469,'2024-Q4',3,'2024-12-31'),
(1470,2470,'2024-Q4',4,'2024-12-31'),
(1471,2471,'2024-Q4',3,'2024-12-31'),
(1472,2472,'2024-Q4',3,'2024-12-31'),
(1473,2473,'2024-Q4',3,'2024-12-31'),
(1474,2474,'2024-Q4',2,'2024-12-31'),
(1475,2475,'2024-Q4',3,'2024-12-31'),
(1476,2476,'2024-Q4',4,'2024-12-31'),
(1477,2477,'2024-Q4',4,'2024-12-31'),
(1478,2478,'2024-Q4',3,'2024-12-31'),
(1479,2479,'2024-Q4',3,'2024-12-31'),
(1480,2480,'2024-Q4',3,'2024-12-31'),
(1481,2481,'2024-Q4',3,'2024-12-31'),
(1482,2482,'2024-Q4',5,'2024-12-31'),
(1483,2483,'2024-Q4',5,'2024-12-31'),
(1484,2484,'2024-Q4',3,'2024-12-31'),
(1485,2485,'2024-Q4',3,'2024-12-31'),
(1486,2486,'2024-Q4',3,'2024-12-31'),
(1487,2487,'2024-Q4',2,'2024-12-31'),
(1488,2488,'2024-Q4',4,'2024-12-31'),
(1489,2489,'2024-Q4',2,'2024-12-31'),
(1490,2490,'2024-Q4',5,'2024-12-31'),
(1491,2491,'2024-Q4',3,'2024-12-31'),
(1492,2492,'2024-Q4',4,'2024-12-31'),
(1493,2493,'2024-Q4',4,'2024-12-31'),
(1494,2494,'2024-Q4',4,'2024-12-31'),
(1495,2495,'2024-Q4',4,'2024-12-31'),
(1496,2496,'2024-Q4',5,'2024-12-31'),
(1497,2497,'2024-Q4',2,'2024-12-31'),
(1498,2498,'2024-Q4',3,'2024-12-31'),
(1499,2499,'2024-Q4',4,'2024-12-31'),
(1500,2500,'2024-Q4',3,'2024-12-31');
/*!40000 ALTER TABLE `performance` ENABLE KEYS */;
UNLOCK TABLES;

--
-- Table structure for table `training_records`
--

DROP TABLE IF EXISTS `training_records`;
/*!40101 SET @saved_cs_client     = @@character_set_client */;
/*!40101 SET character_set_client = utf8mb4 */;
CREATE TABLE `training_records` (
  `training_id` int(11) NOT NULL AUTO_INCREMENT,
  `employee_id` int(11) NOT NULL,
  `training_name` varchar(100) NOT NULL,
  `training_hours` decimal(5,2) NOT NULL CHECK (`training_hours` >= 0),
  `training_date` date NOT NULL,
  PRIMARY KEY (`training_id`),
  KEY `idx_train_employee` (`employee_id`),
  CONSTRAINT `training_records_ibfk_1` FOREIGN KEY (`employee_id`) REFERENCES `employees` (`employee_id`) ON DELETE CASCADE
) ENGINE=InnoDB AUTO_INCREMENT=1501 DEFAULT CHARSET=utf8mb4 COLLATE=utf8mb4_general_ci;
/*!40101 SET character_set_client = @saved_cs_client */;

--
-- Dumping data for table `training_records`
--

LOCK TABLES `training_records` WRITE;
/*!40000 ALTER TABLE `training_records` DISABLE KEYS */;
INSERT INTO `training_records` VALUES
(1,1001,'Annual Training Program 2024',37.00,'2024-06-30'),
(2,1002,'Annual Training Program 2024',31.00,'2024-06-30'),
(3,1003,'Annual Training Program 2024',11.00,'2024-06-30'),
(4,1004,'Annual Training Program 2024',30.00,'2024-06-30'),
(5,1005,'Annual Training Program 2024',41.00,'2024-06-30'),
(6,1006,'Annual Training Program 2024',24.00,'2024-06-30'),
(7,1007,'Annual Training Program 2024',21.00,'2024-06-30'),
(8,1008,'Annual Training Program 2024',24.00,'2024-06-30'),
(9,1009,'Annual Training Program 2024',55.00,'2024-06-30'),
(10,1010,'Annual Training Program 2024',36.00,'2024-06-30'),
(11,1011,'Annual Training Program 2024',54.00,'2024-06-30'),
(12,1012,'Annual Training Program 2024',24.00,'2024-06-30'),
(13,1013,'Annual Training Program 2024',63.00,'2024-06-30'),
(14,1014,'Annual Training Program 2024',18.00,'2024-06-30'),
(15,1015,'Annual Training Program 2024',45.00,'2024-06-30'),
(16,1016,'Annual Training Program 2024',47.00,'2024-06-30'),
(17,1017,'Annual Training Program 2024',47.00,'2024-06-30'),
(18,1018,'Annual Training Program 2024',59.00,'2024-06-30'),
(19,1019,'Annual Training Program 2024',36.00,'2024-06-30'),
(20,1020,'Annual Training Program 2024',25.00,'2024-06-30'),
(21,1021,'Annual Training Program 2024',39.00,'2024-06-30'),
(22,1022,'Annual Training Program 2024',31.00,'2024-06-30'),
(23,1023,'Annual Training Program 2024',51.00,'2024-06-30'),
(24,1024,'Annual Training Program 2024',32.00,'2024-06-30'),
(25,1025,'Annual Training Program 2024',32.00,'2024-06-30'),
(26,1026,'Annual Training Program 2024',49.00,'2024-06-30'),
(27,1027,'Annual Training Program 2024',35.00,'2024-06-30'),
(28,1028,'Annual Training Program 2024',35.00,'2024-06-30'),
(29,1029,'Annual Training Program 2024',51.00,'2024-06-30'),
(30,1030,'Annual Training Program 2024',43.00,'2024-06-30'),
(31,1031,'Annual Training Program 2024',29.00,'2024-06-30'),
(32,1032,'Annual Training Program 2024',28.00,'2024-06-30'),
(33,1033,'Annual Training Program 2024',46.00,'2024-06-30'),
(34,1034,'Annual Training Program 2024',53.00,'2024-06-30'),
(35,1035,'Annual Training Program 2024',61.00,'2024-06-30'),
(36,1036,'Annual Training Program 2024',38.00,'2024-06-30'),
(37,1037,'Annual Training Program 2024',17.00,'2024-06-30'),
(38,1038,'Annual Training Program 2024',43.00,'2024-06-30'),
(39,1039,'Annual Training Program 2024',22.00,'2024-06-30'),
(40,1040,'Annual Training Program 2024',44.00,'2024-06-30'),
(41,1041,'Annual Training Program 2024',97.00,'2024-06-30'),
(42,1042,'Annual Training Program 2024',42.00,'2024-06-30'),
(43,1043,'Annual Training Program 2024',11.00,'2024-06-30'),
(44,1044,'Annual Training Program 2024',48.00,'2024-06-30'),
(45,1045,'Annual Training Program 2024',30.00,'2024-06-30'),
(46,1046,'Annual Training Program 2024',33.00,'2024-06-30'),
(47,1047,'Annual Training Program 2024',52.00,'2024-06-30'),
(48,1048,'Annual Training Program 2024',45.00,'2024-06-30'),
(49,1049,'Annual Training Program 2024',32.00,'2024-06-30'),
(50,1050,'Annual Training Program 2024',20.00,'2024-06-30'),
(51,1051,'Annual Training Program 2024',18.00,'2024-06-30'),
(52,1052,'Annual Training Program 2024',36.00,'2024-06-30'),
(53,1053,'Annual Training Program 2024',49.00,'2024-06-30'),
(54,1054,'Annual Training Program 2024',32.00,'2024-06-30'),
(55,1055,'Annual Training Program 2024',52.00,'2024-06-30'),
(56,1056,'Annual Training Program 2024',48.00,'2024-06-30'),
(57,1057,'Annual Training Program 2024',41.00,'2024-06-30'),
(58,1058,'Annual Training Program 2024',40.00,'2024-06-30'),
(59,1059,'Annual Training Program 2024',35.00,'2024-06-30'),
(60,1060,'Annual Training Program 2024',68.00,'2024-06-30'),
(61,1061,'Annual Training Program 2024',21.00,'2024-06-30'),
(62,1062,'Annual Training Program 2024',35.00,'2024-06-30'),
(63,1063,'Annual Training Program 2024',31.00,'2024-06-30'),
(64,1064,'Annual Training Program 2024',57.00,'2024-06-30'),
(65,1065,'Annual Training Program 2024',36.00,'2024-06-30'),
(66,1066,'Annual Training Program 2024',59.00,'2024-06-30'),
(67,1067,'Annual Training Program 2024',46.00,'2024-06-30'),
(68,1068,'Annual Training Program 2024',47.00,'2024-06-30'),
(69,1069,'Annual Training Program 2024',54.00,'2024-06-30'),
(70,1070,'Annual Training Program 2024',37.00,'2024-06-30'),
(71,1071,'Annual Training Program 2024',42.00,'2024-06-30'),
(72,1072,'Annual Training Program 2024',51.00,'2024-06-30'),
(73,1073,'Annual Training Program 2024',32.00,'2024-06-30'),
(74,1074,'Annual Training Program 2024',3.00,'2024-06-30'),
(75,1075,'Annual Training Program 2024',40.00,'2024-06-30'),
(76,1076,'Annual Training Program 2024',19.00,'2024-06-30'),
(77,1077,'Annual Training Program 2024',59.00,'2024-06-30'),
(78,1078,'Annual Training Program 2024',55.00,'2024-06-30'),
(79,1079,'Annual Training Program 2024',60.00,'2024-06-30'),
(80,1080,'Annual Training Program 2024',43.00,'2024-06-30'),
(81,1081,'Annual Training Program 2024',19.00,'2024-06-30'),
(82,1082,'Annual Training Program 2024',39.00,'2024-06-30'),
(83,1083,'Annual Training Program 2024',50.00,'2024-06-30'),
(84,1084,'Annual Training Program 2024',36.00,'2024-06-30'),
(85,1085,'Annual Training Program 2024',28.00,'2024-06-30'),
(86,1086,'Annual Training Program 2024',38.00,'2024-06-30'),
(87,1087,'Annual Training Program 2024',43.00,'2024-06-30'),
(88,1088,'Annual Training Program 2024',31.00,'2024-06-30'),
(89,1089,'Annual Training Program 2024',60.00,'2024-06-30'),
(90,1090,'Annual Training Program 2024',25.00,'2024-06-30'),
(91,1091,'Annual Training Program 2024',43.00,'2024-06-30'),
(92,1092,'Annual Training Program 2024',43.00,'2024-06-30'),
(93,1093,'Annual Training Program 2024',62.00,'2024-06-30'),
(94,1094,'Annual Training Program 2024',60.00,'2024-06-30'),
(95,1095,'Annual Training Program 2024',48.00,'2024-06-30'),
(96,1096,'Annual Training Program 2024',2.00,'2024-06-30'),
(97,1097,'Annual Training Program 2024',26.00,'2024-06-30'),
(98,1098,'Annual Training Program 2024',70.00,'2024-06-30'),
(99,1099,'Annual Training Program 2024',48.00,'2024-06-30'),
(100,1100,'Annual Training Program 2024',22.00,'2024-06-30'),
(101,1101,'Annual Training Program 2024',40.00,'2024-06-30'),
(102,1102,'Annual Training Program 2024',29.00,'2024-06-30'),
(103,1103,'Annual Training Program 2024',36.00,'2024-06-30'),
(104,1104,'Annual Training Program 2024',47.00,'2024-06-30'),
(105,1105,'Annual Training Program 2024',33.00,'2024-06-30'),
(106,1106,'Annual Training Program 2024',35.00,'2024-06-30'),
(107,1107,'Annual Training Program 2024',24.00,'2024-06-30'),
(108,1108,'Annual Training Program 2024',53.00,'2024-06-30'),
(109,1109,'Annual Training Program 2024',57.00,'2024-06-30'),
(110,1110,'Annual Training Program 2024',23.00,'2024-06-30'),
(111,1111,'Annual Training Program 2024',32.00,'2024-06-30'),
(112,1112,'Annual Training Program 2024',54.00,'2024-06-30'),
(113,1113,'Annual Training Program 2024',68.00,'2024-06-30'),
(114,1114,'Annual Training Program 2024',42.00,'2024-06-30'),
(115,1115,'Annual Training Program 2024',50.00,'2024-06-30'),
(116,1116,'Annual Training Program 2024',42.00,'2024-06-30'),
(117,1117,'Annual Training Program 2024',38.00,'2024-06-30'),
(118,1118,'Annual Training Program 2024',56.00,'2024-06-30'),
(119,1119,'Annual Training Program 2024',15.00,'2024-06-30'),
(120,1120,'Annual Training Program 2024',23.00,'2024-06-30'),
(121,1121,'Annual Training Program 2024',39.00,'2024-06-30'),
(122,1122,'Annual Training Program 2024',28.00,'2024-06-30'),
(123,1123,'Annual Training Program 2024',40.00,'2024-06-30'),
(124,1124,'Annual Training Program 2024',78.00,'2024-06-30'),
(125,1125,'Annual Training Program 2024',62.00,'2024-06-30'),
(126,1126,'Annual Training Program 2024',37.00,'2024-06-30'),
(127,1127,'Annual Training Program 2024',66.00,'2024-06-30'),
(128,1128,'Annual Training Program 2024',41.00,'2024-06-30'),
(129,1129,'Annual Training Program 2024',50.00,'2024-06-30'),
(130,1130,'Annual Training Program 2024',30.00,'2024-06-30'),
(131,1131,'Annual Training Program 2024',21.00,'2024-06-30'),
(132,1132,'Annual Training Program 2024',51.00,'2024-06-30'),
(133,1133,'Annual Training Program 2024',65.00,'2024-06-30'),
(134,1134,'Annual Training Program 2024',72.00,'2024-06-30'),
(135,1135,'Annual Training Program 2024',37.00,'2024-06-30'),
(136,1136,'Annual Training Program 2024',32.00,'2024-06-30'),
(137,1137,'Annual Training Program 2024',54.00,'2024-06-30'),
(138,1138,'Annual Training Program 2024',34.00,'2024-06-30'),
(139,1139,'Annual Training Program 2024',18.00,'2024-06-30'),
(140,1140,'Annual Training Program 2024',41.00,'2024-06-30'),
(141,1141,'Annual Training Program 2024',41.00,'2024-06-30'),
(142,1142,'Annual Training Program 2024',69.00,'2024-06-30'),
(143,1143,'Annual Training Program 2024',31.00,'2024-06-30'),
(144,1144,'Annual Training Program 2024',20.00,'2024-06-30'),
(145,1145,'Annual Training Program 2024',49.00,'2024-06-30'),
(146,1146,'Annual Training Program 2024',52.00,'2024-06-30'),
(147,1147,'Annual Training Program 2024',55.00,'2024-06-30'),
(148,1148,'Annual Training Program 2024',18.00,'2024-06-30'),
(149,1149,'Annual Training Program 2024',32.00,'2024-06-30'),
(150,1150,'Annual Training Program 2024',53.00,'2024-06-30'),
(151,1151,'Annual Training Program 2024',55.00,'2024-06-30'),
(152,1152,'Annual Training Program 2024',53.00,'2024-06-30'),
(153,1153,'Annual Training Program 2024',61.00,'2024-06-30'),
(154,1154,'Annual Training Program 2024',10.00,'2024-06-30'),
(155,1155,'Annual Training Program 2024',36.00,'2024-06-30'),
(156,1156,'Annual Training Program 2024',32.00,'2024-06-30'),
(157,1157,'Annual Training Program 2024',57.00,'2024-06-30'),
(158,1158,'Annual Training Program 2024',45.00,'2024-06-30'),
(159,1159,'Annual Training Program 2024',17.00,'2024-06-30'),
(160,1160,'Annual Training Program 2024',48.00,'2024-06-30'),
(161,1161,'Annual Training Program 2024',28.00,'2024-06-30'),
(162,1162,'Annual Training Program 2024',0.00,'2024-06-30'),
(163,1163,'Annual Training Program 2024',55.00,'2024-06-30'),
(164,1164,'Annual Training Program 2024',46.00,'2024-06-30'),
(165,1165,'Annual Training Program 2024',57.00,'2024-06-30'),
(166,1166,'Annual Training Program 2024',46.00,'2024-06-30'),
(167,1167,'Annual Training Program 2024',40.00,'2024-06-30'),
(168,1168,'Annual Training Program 2024',48.00,'2024-06-30'),
(169,1169,'Annual Training Program 2024',42.00,'2024-06-30'),
(170,1170,'Annual Training Program 2024',12.00,'2024-06-30'),
(171,1171,'Annual Training Program 2024',45.00,'2024-06-30'),
(172,1172,'Annual Training Program 2024',14.00,'2024-06-30'),
(173,1173,'Annual Training Program 2024',7.00,'2024-06-30'),
(174,1174,'Annual Training Program 2024',36.00,'2024-06-30'),
(175,1175,'Annual Training Program 2024',23.00,'2024-06-30'),
(176,1176,'Annual Training Program 2024',41.00,'2024-06-30'),
(177,1177,'Annual Training Program 2024',56.00,'2024-06-30'),
(178,1178,'Annual Training Program 2024',25.00,'2024-06-30'),
(179,1179,'Annual Training Program 2024',50.00,'2024-06-30'),
(180,1180,'Annual Training Program 2024',28.00,'2024-06-30'),
(181,1181,'Annual Training Program 2024',30.00,'2024-06-30'),
(182,1182,'Annual Training Program 2024',55.00,'2024-06-30'),
(183,1183,'Annual Training Program 2024',39.00,'2024-06-30'),
(184,1184,'Annual Training Program 2024',26.00,'2024-06-30'),
(185,1185,'Annual Training Program 2024',35.00,'2024-06-30'),
(186,1186,'Annual Training Program 2024',67.00,'2024-06-30'),
(187,1187,'Annual Training Program 2024',49.00,'2024-06-30'),
(188,1188,'Annual Training Program 2024',46.00,'2024-06-30'),
(189,1189,'Annual Training Program 2024',32.00,'2024-06-30'),
(190,1190,'Annual Training Program 2024',84.00,'2024-06-30'),
(191,1191,'Annual Training Program 2024',41.00,'2024-06-30'),
(192,1192,'Annual Training Program 2024',12.00,'2024-06-30'),
(193,1193,'Annual Training Program 2024',55.00,'2024-06-30'),
(194,1194,'Annual Training Program 2024',47.00,'2024-06-30'),
(195,1195,'Annual Training Program 2024',45.00,'2024-06-30'),
(196,1196,'Annual Training Program 2024',37.00,'2024-06-30'),
(197,1197,'Annual Training Program 2024',13.00,'2024-06-30'),
(198,1198,'Annual Training Program 2024',16.00,'2024-06-30'),
(199,1199,'Annual Training Program 2024',20.00,'2024-06-30'),
(200,1200,'Annual Training Program 2024',52.00,'2024-06-30'),
(201,1201,'Annual Training Program 2024',46.00,'2024-06-30'),
(202,1202,'Annual Training Program 2024',38.00,'2024-06-30'),
(203,1203,'Annual Training Program 2024',10.00,'2024-06-30'),
(204,1204,'Annual Training Program 2024',8.00,'2024-06-30'),
(205,1205,'Annual Training Program 2024',24.00,'2024-06-30'),
(206,1206,'Annual Training Program 2024',48.00,'2024-06-30'),
(207,1207,'Annual Training Program 2024',45.00,'2024-06-30'),
(208,1208,'Annual Training Program 2024',23.00,'2024-06-30'),
(209,1209,'Annual Training Program 2024',22.00,'2024-06-30'),
(210,1210,'Annual Training Program 2024',48.00,'2024-06-30'),
(211,1211,'Annual Training Program 2024',21.00,'2024-06-30'),
(212,1212,'Annual Training Program 2024',20.00,'2024-06-30'),
(213,1213,'Annual Training Program 2024',7.00,'2024-06-30'),
(214,1214,'Annual Training Program 2024',6.00,'2024-06-30'),
(215,1215,'Annual Training Program 2024',74.00,'2024-06-30'),
(216,1216,'Annual Training Program 2024',50.00,'2024-06-30'),
(217,1217,'Annual Training Program 2024',44.00,'2024-06-30'),
(218,1218,'Annual Training Program 2024',26.00,'2024-06-30'),
(219,1219,'Annual Training Program 2024',60.00,'2024-06-30'),
(220,1220,'Annual Training Program 2024',25.00,'2024-06-30'),
(221,1221,'Annual Training Program 2024',44.00,'2024-06-30'),
(222,1222,'Annual Training Program 2024',47.00,'2024-06-30'),
(223,1223,'Annual Training Program 2024',40.00,'2024-06-30'),
(224,1224,'Annual Training Program 2024',51.00,'2024-06-30'),
(225,1225,'Annual Training Program 2024',58.00,'2024-06-30'),
(226,1226,'Annual Training Program 2024',34.00,'2024-06-30'),
(227,1227,'Annual Training Program 2024',37.00,'2024-06-30'),
(228,1228,'Annual Training Program 2024',46.00,'2024-06-30'),
(229,1229,'Annual Training Program 2024',31.00,'2024-06-30'),
(230,1230,'Annual Training Program 2024',23.00,'2024-06-30'),
(231,1231,'Annual Training Program 2024',28.00,'2024-06-30'),
(232,1232,'Annual Training Program 2024',22.00,'2024-06-30'),
(233,1233,'Annual Training Program 2024',46.00,'2024-06-30'),
(234,1234,'Annual Training Program 2024',63.00,'2024-06-30'),
(235,1235,'Annual Training Program 2024',49.00,'2024-06-30'),
(236,1236,'Annual Training Program 2024',28.00,'2024-06-30'),
(237,1237,'Annual Training Program 2024',37.00,'2024-06-30'),
(238,1238,'Annual Training Program 2024',41.00,'2024-06-30'),
(239,1239,'Annual Training Program 2024',7.00,'2024-06-30'),
(240,1240,'Annual Training Program 2024',33.00,'2024-06-30'),
(241,1241,'Annual Training Program 2024',44.00,'2024-06-30'),
(242,1242,'Annual Training Program 2024',40.00,'2024-06-30'),
(243,1243,'Annual Training Program 2024',52.00,'2024-06-30'),
(244,1244,'Annual Training Program 2024',47.00,'2024-06-30'),
(245,1245,'Annual Training Program 2024',10.00,'2024-06-30'),
(246,1246,'Annual Training Program 2024',29.00,'2024-06-30'),
(247,1247,'Annual Training Program 2024',34.00,'2024-06-30'),
(248,1248,'Annual Training Program 2024',40.00,'2024-06-30'),
(249,1249,'Annual Training Program 2024',57.00,'2024-06-30'),
(250,1250,'Annual Training Program 2024',32.00,'2024-06-30'),
(251,1251,'Annual Training Program 2024',51.00,'2024-06-30'),
(252,1252,'Annual Training Program 2024',41.00,'2024-06-30'),
(253,1253,'Annual Training Program 2024',48.00,'2024-06-30'),
(254,1254,'Annual Training Program 2024',5.00,'2024-06-30'),
(255,1255,'Annual Training Program 2024',36.00,'2024-06-30'),
(256,1256,'Annual Training Program 2024',38.00,'2024-06-30'),
(257,1257,'Annual Training Program 2024',44.00,'2024-06-30'),
(258,1258,'Annual Training Program 2024',36.00,'2024-06-30'),
(259,1259,'Annual Training Program 2024',42.00,'2024-06-30'),
(260,1260,'Annual Training Program 2024',50.00,'2024-06-30'),
(261,1261,'Annual Training Program 2024',50.00,'2024-06-30'),
(262,1262,'Annual Training Program 2024',44.00,'2024-06-30'),
(263,1263,'Annual Training Program 2024',72.00,'2024-06-30'),
(264,1264,'Annual Training Program 2024',27.00,'2024-06-30'),
(265,1265,'Annual Training Program 2024',10.00,'2024-06-30'),
(266,1266,'Annual Training Program 2024',19.00,'2024-06-30'),
(267,1267,'Annual Training Program 2024',44.00,'2024-06-30'),
(268,1268,'Annual Training Program 2024',44.00,'2024-06-30'),
(269,1269,'Annual Training Program 2024',30.00,'2024-06-30'),
(270,1270,'Annual Training Program 2024',11.00,'2024-06-30'),
(271,1271,'Annual Training Program 2024',45.00,'2024-06-30'),
(272,1272,'Annual Training Program 2024',59.00,'2024-06-30'),
(273,1273,'Annual Training Program 2024',45.00,'2024-06-30'),
(274,1274,'Annual Training Program 2024',18.00,'2024-06-30'),
(275,1275,'Annual Training Program 2024',34.00,'2024-06-30'),
(276,1276,'Annual Training Program 2024',65.00,'2024-06-30'),
(277,1277,'Annual Training Program 2024',58.00,'2024-06-30'),
(278,1278,'Annual Training Program 2024',67.00,'2024-06-30'),
(279,1279,'Annual Training Program 2024',48.00,'2024-06-30'),
(280,1280,'Annual Training Program 2024',0.00,'2024-06-30'),
(281,1281,'Annual Training Program 2024',12.00,'2024-06-30'),
(282,1282,'Annual Training Program 2024',34.00,'2024-06-30'),
(283,1283,'Annual Training Program 2024',56.00,'2024-06-30'),
(284,1284,'Annual Training Program 2024',32.00,'2024-06-30'),
(285,1285,'Annual Training Program 2024',37.00,'2024-06-30'),
(286,1286,'Annual Training Program 2024',23.00,'2024-06-30'),
(287,1287,'Annual Training Program 2024',66.00,'2024-06-30'),
(288,1288,'Annual Training Program 2024',45.00,'2024-06-30'),
(289,1289,'Annual Training Program 2024',36.00,'2024-06-30'),
(290,1290,'Annual Training Program 2024',32.00,'2024-06-30'),
(291,1291,'Annual Training Program 2024',53.00,'2024-06-30'),
(292,1292,'Annual Training Program 2024',38.00,'2024-06-30'),
(293,1293,'Annual Training Program 2024',21.00,'2024-06-30'),
(294,1294,'Annual Training Program 2024',33.00,'2024-06-30'),
(295,1295,'Annual Training Program 2024',57.00,'2024-06-30'),
(296,1296,'Annual Training Program 2024',38.00,'2024-06-30'),
(297,1297,'Annual Training Program 2024',53.00,'2024-06-30'),
(298,1298,'Annual Training Program 2024',30.00,'2024-06-30'),
(299,1299,'Annual Training Program 2024',28.00,'2024-06-30'),
(300,1300,'Annual Training Program 2024',34.00,'2024-06-30'),
(301,1301,'Annual Training Program 2024',38.00,'2024-06-30'),
(302,1302,'Annual Training Program 2024',12.00,'2024-06-30'),
(303,1303,'Annual Training Program 2024',56.00,'2024-06-30'),
(304,1304,'Annual Training Program 2024',52.00,'2024-06-30'),
(305,1305,'Annual Training Program 2024',33.00,'2024-06-30'),
(306,1306,'Annual Training Program 2024',42.00,'2024-06-30'),
(307,1307,'Annual Training Program 2024',46.00,'2024-06-30'),
(308,1308,'Annual Training Program 2024',66.00,'2024-06-30'),
(309,1309,'Annual Training Program 2024',34.00,'2024-06-30'),
(310,1310,'Annual Training Program 2024',37.00,'2024-06-30'),
(311,1311,'Annual Training Program 2024',39.00,'2024-06-30'),
(312,1312,'Annual Training Program 2024',51.00,'2024-06-30'),
(313,1313,'Annual Training Program 2024',36.00,'2024-06-30'),
(314,1314,'Annual Training Program 2024',33.00,'2024-06-30'),
(315,1315,'Annual Training Program 2024',19.00,'2024-06-30'),
(316,1316,'Annual Training Program 2024',50.00,'2024-06-30'),
(317,1317,'Annual Training Program 2024',36.00,'2024-06-30'),
(318,1318,'Annual Training Program 2024',43.00,'2024-06-30'),
(319,1319,'Annual Training Program 2024',38.00,'2024-06-30'),
(320,1320,'Annual Training Program 2024',53.00,'2024-06-30'),
(321,1321,'Annual Training Program 2024',67.00,'2024-06-30'),
(322,1322,'Annual Training Program 2024',55.00,'2024-06-30'),
(323,1323,'Annual Training Program 2024',65.00,'2024-06-30'),
(324,1324,'Annual Training Program 2024',28.00,'2024-06-30'),
(325,1325,'Annual Training Program 2024',43.00,'2024-06-30'),
(326,1326,'Annual Training Program 2024',62.00,'2024-06-30'),
(327,1327,'Annual Training Program 2024',54.00,'2024-06-30'),
(328,1328,'Annual Training Program 2024',36.00,'2024-06-30'),
(329,1329,'Annual Training Program 2024',48.00,'2024-06-30'),
(330,1330,'Annual Training Program 2024',36.00,'2024-06-30'),
(331,1331,'Annual Training Program 2024',51.00,'2024-06-30'),
(332,1332,'Annual Training Program 2024',45.00,'2024-06-30'),
(333,1333,'Annual Training Program 2024',28.00,'2024-06-30'),
(334,1334,'Annual Training Program 2024',34.00,'2024-06-30'),
(335,1335,'Annual Training Program 2024',16.00,'2024-06-30'),
(336,1336,'Annual Training Program 2024',42.00,'2024-06-30'),
(337,1337,'Annual Training Program 2024',26.00,'2024-06-30'),
(338,1338,'Annual Training Program 2024',47.00,'2024-06-30'),
(339,1339,'Annual Training Program 2024',61.00,'2024-06-30'),
(340,1340,'Annual Training Program 2024',40.00,'2024-06-30'),
(341,1341,'Annual Training Program 2024',36.00,'2024-06-30'),
(342,1342,'Annual Training Program 2024',47.00,'2024-06-30'),
(343,1343,'Annual Training Program 2024',53.00,'2024-06-30'),
(344,1344,'Annual Training Program 2024',12.00,'2024-06-30'),
(345,1345,'Annual Training Program 2024',15.00,'2024-06-30'),
(346,1346,'Annual Training Program 2024',25.00,'2024-06-30'),
(347,1347,'Annual Training Program 2024',60.00,'2024-06-30'),
(348,1348,'Annual Training Program 2024',68.00,'2024-06-30'),
(349,1349,'Annual Training Program 2024',39.00,'2024-06-30'),
(350,1350,'Annual Training Program 2024',12.00,'2024-06-30'),
(351,1351,'Annual Training Program 2024',34.00,'2024-06-30'),
(352,1352,'Annual Training Program 2024',42.00,'2024-06-30'),
(353,1353,'Annual Training Program 2024',47.00,'2024-06-30'),
(354,1354,'Annual Training Program 2024',54.00,'2024-06-30'),
(355,1355,'Annual Training Program 2024',26.00,'2024-06-30'),
(356,1356,'Annual Training Program 2024',33.00,'2024-06-30'),
(357,1357,'Annual Training Program 2024',17.00,'2024-06-30'),
(358,1358,'Annual Training Program 2024',34.00,'2024-06-30'),
(359,1359,'Annual Training Program 2024',34.00,'2024-06-30'),
(360,1360,'Annual Training Program 2024',18.00,'2024-06-30'),
(361,1361,'Annual Training Program 2024',60.00,'2024-06-30'),
(362,1362,'Annual Training Program 2024',57.00,'2024-06-30'),
(363,1363,'Annual Training Program 2024',0.00,'2024-06-30'),
(364,1364,'Annual Training Program 2024',33.00,'2024-06-30'),
(365,1365,'Annual Training Program 2024',52.00,'2024-06-30'),
(366,1366,'Annual Training Program 2024',47.00,'2024-06-30'),
(367,1367,'Annual Training Program 2024',51.00,'2024-06-30'),
(368,1368,'Annual Training Program 2024',15.00,'2024-06-30'),
(369,1369,'Annual Training Program 2024',35.00,'2024-06-30'),
(370,1370,'Annual Training Program 2024',61.00,'2024-06-30'),
(371,1371,'Annual Training Program 2024',28.00,'2024-06-30'),
(372,1372,'Annual Training Program 2024',16.00,'2024-06-30'),
(373,1373,'Annual Training Program 2024',44.00,'2024-06-30'),
(374,1374,'Annual Training Program 2024',30.00,'2024-06-30'),
(375,1375,'Annual Training Program 2024',25.00,'2024-06-30'),
(376,1376,'Annual Training Program 2024',12.00,'2024-06-30'),
(377,1377,'Annual Training Program 2024',40.00,'2024-06-30'),
(378,1378,'Annual Training Program 2024',27.00,'2024-06-30'),
(379,1379,'Annual Training Program 2024',27.00,'2024-06-30'),
(380,1380,'Annual Training Program 2024',39.00,'2024-06-30'),
(381,1381,'Annual Training Program 2024',53.00,'2024-06-30'),
(382,1382,'Annual Training Program 2024',24.00,'2024-06-30'),
(383,1383,'Annual Training Program 2024',58.00,'2024-06-30'),
(384,1384,'Annual Training Program 2024',18.00,'2024-06-30'),
(385,1385,'Annual Training Program 2024',61.00,'2024-06-30'),
(386,1386,'Annual Training Program 2024',54.00,'2024-06-30'),
(387,1387,'Annual Training Program 2024',26.00,'2024-06-30'),
(388,1388,'Annual Training Program 2024',26.00,'2024-06-30'),
(389,1389,'Annual Training Program 2024',24.00,'2024-06-30'),
(390,1390,'Annual Training Program 2024',36.00,'2024-06-30'),
(391,1391,'Annual Training Program 2024',51.00,'2024-06-30'),
(392,1392,'Annual Training Program 2024',41.00,'2024-06-30'),
(393,1393,'Annual Training Program 2024',48.00,'2024-06-30'),
(394,1394,'Annual Training Program 2024',54.00,'2024-06-30'),
(395,1395,'Annual Training Program 2024',43.00,'2024-06-30'),
(396,1396,'Annual Training Program 2024',65.00,'2024-06-30'),
(397,1397,'Annual Training Program 2024',43.00,'2024-06-30'),
(398,1398,'Annual Training Program 2024',45.00,'2024-06-30'),
(399,1399,'Annual Training Program 2024',57.00,'2024-06-30'),
(400,1400,'Annual Training Program 2024',44.00,'2024-06-30'),
(401,1401,'Annual Training Program 2024',71.00,'2024-06-30'),
(402,1402,'Annual Training Program 2024',52.00,'2024-06-30'),
(403,1403,'Annual Training Program 2024',63.00,'2024-06-30'),
(404,1404,'Annual Training Program 2024',40.00,'2024-06-30'),
(405,1405,'Annual Training Program 2024',19.00,'2024-06-30'),
(406,1406,'Annual Training Program 2024',40.00,'2024-06-30'),
(407,1407,'Annual Training Program 2024',47.00,'2024-06-30'),
(408,1408,'Annual Training Program 2024',39.00,'2024-06-30'),
(409,1409,'Annual Training Program 2024',49.00,'2024-06-30'),
(410,1410,'Annual Training Program 2024',28.00,'2024-06-30'),
(411,1411,'Annual Training Program 2024',37.00,'2024-06-30'),
(412,1412,'Annual Training Program 2024',41.00,'2024-06-30'),
(413,1413,'Annual Training Program 2024',51.00,'2024-06-30'),
(414,1414,'Annual Training Program 2024',17.00,'2024-06-30'),
(415,1415,'Annual Training Program 2024',50.00,'2024-06-30'),
(416,1416,'Annual Training Program 2024',51.00,'2024-06-30'),
(417,1417,'Annual Training Program 2024',53.00,'2024-06-30'),
(418,1418,'Annual Training Program 2024',34.00,'2024-06-30'),
(419,1419,'Annual Training Program 2024',42.00,'2024-06-30'),
(420,1420,'Annual Training Program 2024',41.00,'2024-06-30'),
(421,1421,'Annual Training Program 2024',38.00,'2024-06-30'),
(422,1422,'Annual Training Program 2024',29.00,'2024-06-30'),
(423,1423,'Annual Training Program 2024',22.00,'2024-06-30'),
(424,1424,'Annual Training Program 2024',33.00,'2024-06-30'),
(425,1425,'Annual Training Program 2024',61.00,'2024-06-30'),
(426,1426,'Annual Training Program 2024',48.00,'2024-06-30'),
(427,1427,'Annual Training Program 2024',17.00,'2024-06-30'),
(428,1428,'Annual Training Program 2024',56.00,'2024-06-30'),
(429,1429,'Annual Training Program 2024',47.00,'2024-06-30'),
(430,1430,'Annual Training Program 2024',55.00,'2024-06-30'),
(431,1431,'Annual Training Program 2024',50.00,'2024-06-30'),
(432,1432,'Annual Training Program 2024',39.00,'2024-06-30'),
(433,1433,'Annual Training Program 2024',48.00,'2024-06-30'),
(434,1434,'Annual Training Program 2024',43.00,'2024-06-30'),
(435,1435,'Annual Training Program 2024',27.00,'2024-06-30'),
(436,1436,'Annual Training Program 2024',41.00,'2024-06-30'),
(437,1437,'Annual Training Program 2024',19.00,'2024-06-30'),
(438,1438,'Annual Training Program 2024',67.00,'2024-06-30'),
(439,1439,'Annual Training Program 2024',31.00,'2024-06-30'),
(440,1440,'Annual Training Program 2024',35.00,'2024-06-30'),
(441,1441,'Annual Training Program 2024',39.00,'2024-06-30'),
(442,1442,'Annual Training Program 2024',23.00,'2024-06-30'),
(443,1443,'Annual Training Program 2024',18.00,'2024-06-30'),
(444,1444,'Annual Training Program 2024',38.00,'2024-06-30'),
(445,1445,'Annual Training Program 2024',60.00,'2024-06-30'),
(446,1446,'Annual Training Program 2024',49.00,'2024-06-30'),
(447,1447,'Annual Training Program 2024',45.00,'2024-06-30'),
(448,1448,'Annual Training Program 2024',35.00,'2024-06-30'),
(449,1449,'Annual Training Program 2024',34.00,'2024-06-30'),
(450,1450,'Annual Training Program 2024',15.00,'2024-06-30'),
(451,1451,'Annual Training Program 2024',60.00,'2024-06-30'),
(452,1452,'Annual Training Program 2024',29.00,'2024-06-30'),
(453,1453,'Annual Training Program 2024',29.00,'2024-06-30'),
(454,1454,'Annual Training Program 2024',40.00,'2024-06-30'),
(455,1455,'Annual Training Program 2024',53.00,'2024-06-30'),
(456,1456,'Annual Training Program 2024',52.00,'2024-06-30'),
(457,1457,'Annual Training Program 2024',61.00,'2024-06-30'),
(458,1458,'Annual Training Program 2024',32.00,'2024-06-30'),
(459,1459,'Annual Training Program 2024',11.00,'2024-06-30'),
(460,1460,'Annual Training Program 2024',29.00,'2024-06-30'),
(461,1461,'Annual Training Program 2024',45.00,'2024-06-30'),
(462,1462,'Annual Training Program 2024',7.00,'2024-06-30'),
(463,1463,'Annual Training Program 2024',48.00,'2024-06-30'),
(464,1464,'Annual Training Program 2024',55.00,'2024-06-30'),
(465,1465,'Annual Training Program 2024',35.00,'2024-06-30'),
(466,1466,'Annual Training Program 2024',25.00,'2024-06-30'),
(467,1467,'Annual Training Program 2024',35.00,'2024-06-30'),
(468,1468,'Annual Training Program 2024',35.00,'2024-06-30'),
(469,1469,'Annual Training Program 2024',35.00,'2024-06-30'),
(470,1470,'Annual Training Program 2024',41.00,'2024-06-30'),
(471,1471,'Annual Training Program 2024',11.00,'2024-06-30'),
(472,1472,'Annual Training Program 2024',48.00,'2024-06-30'),
(473,1473,'Annual Training Program 2024',43.00,'2024-06-30'),
(474,1474,'Annual Training Program 2024',0.00,'2024-06-30'),
(475,1475,'Annual Training Program 2024',23.00,'2024-06-30'),
(476,1476,'Annual Training Program 2024',8.00,'2024-06-30'),
(477,1477,'Annual Training Program 2024',36.00,'2024-06-30'),
(478,1478,'Annual Training Program 2024',35.00,'2024-06-30'),
(479,1479,'Annual Training Program 2024',43.00,'2024-06-30'),
(480,1480,'Annual Training Program 2024',37.00,'2024-06-30'),
(481,1481,'Annual Training Program 2024',59.00,'2024-06-30'),
(482,1482,'Annual Training Program 2024',44.00,'2024-06-30'),
(483,1483,'Annual Training Program 2024',61.00,'2024-06-30'),
(484,1484,'Annual Training Program 2024',29.00,'2024-06-30'),
(485,1485,'Annual Training Program 2024',46.00,'2024-06-30'),
(486,1486,'Annual Training Program 2024',38.00,'2024-06-30'),
(487,1487,'Annual Training Program 2024',30.00,'2024-06-30'),
(488,1488,'Annual Training Program 2024',40.00,'2024-06-30'),
(489,1489,'Annual Training Program 2024',55.00,'2024-06-30'),
(490,1490,'Annual Training Program 2024',27.00,'2024-06-30'),
(491,1491,'Annual Training Program 2024',19.00,'2024-06-30'),
(492,1492,'Annual Training Program 2024',25.00,'2024-06-30'),
(493,1493,'Annual Training Program 2024',16.00,'2024-06-30'),
(494,1494,'Annual Training Program 2024',32.00,'2024-06-30'),
(495,1495,'Annual Training Program 2024',49.00,'2024-06-30'),
(496,1496,'Annual Training Program 2024',58.00,'2024-06-30'),
(497,1497,'Annual Training Program 2024',20.00,'2024-06-30'),
(498,1498,'Annual Training Program 2024',56.00,'2024-06-30'),
(499,1499,'Annual Training Program 2024',55.00,'2024-06-30'),
(500,1500,'Annual Training Program 2024',50.00,'2024-06-30'),
(501,1501,'Annual Training Program 2024',8.00,'2024-06-30'),
(502,1502,'Annual Training Program 2024',39.00,'2024-06-30'),
(503,1503,'Annual Training Program 2024',62.00,'2024-06-30'),
(504,1504,'Annual Training Program 2024',46.00,'2024-06-30'),
(505,1505,'Annual Training Program 2024',26.00,'2024-06-30'),
(506,1506,'Annual Training Program 2024',25.00,'2024-06-30'),
(507,1507,'Annual Training Program 2024',22.00,'2024-06-30'),
(508,1508,'Annual Training Program 2024',27.00,'2024-06-30'),
(509,1509,'Annual Training Program 2024',49.00,'2024-06-30'),
(510,1510,'Annual Training Program 2024',44.00,'2024-06-30'),
(511,1511,'Annual Training Program 2024',37.00,'2024-06-30'),
(512,1512,'Annual Training Program 2024',14.00,'2024-06-30'),
(513,1513,'Annual Training Program 2024',36.00,'2024-06-30'),
(514,1514,'Annual Training Program 2024',24.00,'2024-06-30'),
(515,1515,'Annual Training Program 2024',20.00,'2024-06-30'),
(516,1516,'Annual Training Program 2024',11.00,'2024-06-30'),
(517,1517,'Annual Training Program 2024',44.00,'2024-06-30'),
(518,1518,'Annual Training Program 2024',11.00,'2024-06-30'),
(519,1519,'Annual Training Program 2024',30.00,'2024-06-30'),
(520,1520,'Annual Training Program 2024',58.00,'2024-06-30'),
(521,1521,'Annual Training Program 2024',52.00,'2024-06-30'),
(522,1522,'Annual Training Program 2024',35.00,'2024-06-30'),
(523,1523,'Annual Training Program 2024',35.00,'2024-06-30'),
(524,1524,'Annual Training Program 2024',21.00,'2024-06-30'),
(525,1525,'Annual Training Program 2024',22.00,'2024-06-30'),
(526,1526,'Annual Training Program 2024',45.00,'2024-06-30'),
(527,1527,'Annual Training Program 2024',43.00,'2024-06-30'),
(528,1528,'Annual Training Program 2024',47.00,'2024-06-30'),
(529,1529,'Annual Training Program 2024',35.00,'2024-06-30'),
(530,1530,'Annual Training Program 2024',37.00,'2024-06-30'),
(531,1531,'Annual Training Program 2024',26.00,'2024-06-30'),
(532,1532,'Annual Training Program 2024',63.00,'2024-06-30'),
(533,1533,'Annual Training Program 2024',32.00,'2024-06-30'),
(534,1534,'Annual Training Program 2024',31.00,'2024-06-30'),
(535,1535,'Annual Training Program 2024',43.00,'2024-06-30'),
(536,1536,'Annual Training Program 2024',16.00,'2024-06-30'),
(537,1537,'Annual Training Program 2024',44.00,'2024-06-30'),
(538,1538,'Annual Training Program 2024',44.00,'2024-06-30'),
(539,1539,'Annual Training Program 2024',67.00,'2024-06-30'),
(540,1540,'Annual Training Program 2024',47.00,'2024-06-30'),
(541,1541,'Annual Training Program 2024',54.00,'2024-06-30'),
(542,1542,'Annual Training Program 2024',54.00,'2024-06-30'),
(543,1543,'Annual Training Program 2024',36.00,'2024-06-30'),
(544,1544,'Annual Training Program 2024',23.00,'2024-06-30'),
(545,1545,'Annual Training Program 2024',0.00,'2024-06-30'),
(546,1546,'Annual Training Program 2024',48.00,'2024-06-30'),
(547,1547,'Annual Training Program 2024',66.00,'2024-06-30'),
(548,1548,'Annual Training Program 2024',32.00,'2024-06-30'),
(549,1549,'Annual Training Program 2024',36.00,'2024-06-30'),
(550,1550,'Annual Training Program 2024',21.00,'2024-06-30'),
(551,1551,'Annual Training Program 2024',41.00,'2024-06-30'),
(552,1552,'Annual Training Program 2024',47.00,'2024-06-30'),
(553,1553,'Annual Training Program 2024',76.00,'2024-06-30'),
(554,1554,'Annual Training Program 2024',46.00,'2024-06-30'),
(555,1555,'Annual Training Program 2024',21.00,'2024-06-30'),
(556,1556,'Annual Training Program 2024',41.00,'2024-06-30'),
(557,1557,'Annual Training Program 2024',19.00,'2024-06-30'),
(558,1558,'Annual Training Program 2024',57.00,'2024-06-30'),
(559,1559,'Annual Training Program 2024',36.00,'2024-06-30'),
(560,1560,'Annual Training Program 2024',46.00,'2024-06-30'),
(561,1561,'Annual Training Program 2024',46.00,'2024-06-30'),
(562,1562,'Annual Training Program 2024',65.00,'2024-06-30'),
(563,1563,'Annual Training Program 2024',36.00,'2024-06-30'),
(564,1564,'Annual Training Program 2024',46.00,'2024-06-30'),
(565,1565,'Annual Training Program 2024',29.00,'2024-06-30'),
(566,1566,'Annual Training Program 2024',34.00,'2024-06-30'),
(567,1567,'Annual Training Program 2024',32.00,'2024-06-30'),
(568,1568,'Annual Training Program 2024',45.00,'2024-06-30'),
(569,1569,'Annual Training Program 2024',41.00,'2024-06-30'),
(570,1570,'Annual Training Program 2024',42.00,'2024-06-30'),
(571,1571,'Annual Training Program 2024',42.00,'2024-06-30'),
(572,1572,'Annual Training Program 2024',50.00,'2024-06-30'),
(573,1573,'Annual Training Program 2024',46.00,'2024-06-30'),
(574,1574,'Annual Training Program 2024',41.00,'2024-06-30'),
(575,1575,'Annual Training Program 2024',45.00,'2024-06-30'),
(576,1576,'Annual Training Program 2024',35.00,'2024-06-30'),
(577,1577,'Annual Training Program 2024',43.00,'2024-06-30'),
(578,1578,'Annual Training Program 2024',34.00,'2024-06-30'),
(579,1579,'Annual Training Program 2024',51.00,'2024-06-30'),
(580,1580,'Annual Training Program 2024',29.00,'2024-06-30'),
(581,1581,'Annual Training Program 2024',62.00,'2024-06-30'),
(582,1582,'Annual Training Program 2024',30.00,'2024-06-30'),
(583,1583,'Annual Training Program 2024',47.00,'2024-06-30'),
(584,1584,'Annual Training Program 2024',50.00,'2024-06-30'),
(585,1585,'Annual Training Program 2024',34.00,'2024-06-30'),
(586,1586,'Annual Training Program 2024',37.00,'2024-06-30'),
(587,1587,'Annual Training Program 2024',13.00,'2024-06-30'),
(588,1588,'Annual Training Program 2024',47.00,'2024-06-30'),
(589,1589,'Annual Training Program 2024',28.00,'2024-06-30'),
(590,1590,'Annual Training Program 2024',47.00,'2024-06-30'),
(591,1591,'Annual Training Program 2024',53.00,'2024-06-30'),
(592,1592,'Annual Training Program 2024',35.00,'2024-06-30'),
(593,1593,'Annual Training Program 2024',11.00,'2024-06-30'),
(594,1594,'Annual Training Program 2024',49.00,'2024-06-30'),
(595,1595,'Annual Training Program 2024',46.00,'2024-06-30'),
(596,1596,'Annual Training Program 2024',53.00,'2024-06-30'),
(597,1597,'Annual Training Program 2024',51.00,'2024-06-30'),
(598,1598,'Annual Training Program 2024',35.00,'2024-06-30'),
(599,1599,'Annual Training Program 2024',9.00,'2024-06-30'),
(600,1600,'Annual Training Program 2024',31.00,'2024-06-30'),
(601,1601,'Annual Training Program 2024',54.00,'2024-06-30'),
(602,1602,'Annual Training Program 2024',23.00,'2024-06-30'),
(603,1603,'Annual Training Program 2024',12.00,'2024-06-30'),
(604,1604,'Annual Training Program 2024',49.00,'2024-06-30'),
(605,1605,'Annual Training Program 2024',40.00,'2024-06-30'),
(606,1606,'Annual Training Program 2024',28.00,'2024-06-30'),
(607,1607,'Annual Training Program 2024',50.00,'2024-06-30'),
(608,1608,'Annual Training Program 2024',49.00,'2024-06-30'),
(609,1609,'Annual Training Program 2024',53.00,'2024-06-30'),
(610,1610,'Annual Training Program 2024',39.00,'2024-06-30'),
(611,1611,'Annual Training Program 2024',45.00,'2024-06-30'),
(612,1612,'Annual Training Program 2024',26.00,'2024-06-30'),
(613,1613,'Annual Training Program 2024',55.00,'2024-06-30'),
(614,1614,'Annual Training Program 2024',33.00,'2024-06-30'),
(615,1615,'Annual Training Program 2024',46.00,'2024-06-30'),
(616,1616,'Annual Training Program 2024',57.00,'2024-06-30'),
(617,1617,'Annual Training Program 2024',47.00,'2024-06-30'),
(618,1618,'Annual Training Program 2024',45.00,'2024-06-30'),
(619,1619,'Annual Training Program 2024',19.00,'2024-06-30'),
(620,1620,'Annual Training Program 2024',34.00,'2024-06-30'),
(621,1621,'Annual Training Program 2024',58.00,'2024-06-30'),
(622,1622,'Annual Training Program 2024',43.00,'2024-06-30'),
(623,1623,'Annual Training Program 2024',37.00,'2024-06-30'),
(624,1624,'Annual Training Program 2024',36.00,'2024-06-30'),
(625,1625,'Annual Training Program 2024',69.00,'2024-06-30'),
(626,1626,'Annual Training Program 2024',76.00,'2024-06-30'),
(627,1627,'Annual Training Program 2024',24.00,'2024-06-30'),
(628,1628,'Annual Training Program 2024',54.00,'2024-06-30'),
(629,1629,'Annual Training Program 2024',31.00,'2024-06-30'),
(630,1630,'Annual Training Program 2024',36.00,'2024-06-30'),
(631,1631,'Annual Training Program 2024',62.00,'2024-06-30'),
(632,1632,'Annual Training Program 2024',48.00,'2024-06-30'),
(633,1633,'Annual Training Program 2024',2.00,'2024-06-30'),
(634,1634,'Annual Training Program 2024',31.00,'2024-06-30'),
(635,1635,'Annual Training Program 2024',27.00,'2024-06-30'),
(636,1636,'Annual Training Program 2024',44.00,'2024-06-30'),
(637,1637,'Annual Training Program 2024',60.00,'2024-06-30'),
(638,1638,'Annual Training Program 2024',19.00,'2024-06-30'),
(639,1639,'Annual Training Program 2024',44.00,'2024-06-30'),
(640,1640,'Annual Training Program 2024',21.00,'2024-06-30'),
(641,1641,'Annual Training Program 2024',21.00,'2024-06-30'),
(642,1642,'Annual Training Program 2024',29.00,'2024-06-30'),
(643,1643,'Annual Training Program 2024',68.00,'2024-06-30'),
(644,1644,'Annual Training Program 2024',32.00,'2024-06-30'),
(645,1645,'Annual Training Program 2024',38.00,'2024-06-30'),
(646,1646,'Annual Training Program 2024',28.00,'2024-06-30'),
(647,1647,'Annual Training Program 2024',60.00,'2024-06-30'),
(648,1648,'Annual Training Program 2024',19.00,'2024-06-30'),
(649,1649,'Annual Training Program 2024',31.00,'2024-06-30'),
(650,1650,'Annual Training Program 2024',47.00,'2024-06-30'),
(651,1651,'Annual Training Program 2024',19.00,'2024-06-30'),
(652,1652,'Annual Training Program 2024',58.00,'2024-06-30'),
(653,1653,'Annual Training Program 2024',46.00,'2024-06-30'),
(654,1654,'Annual Training Program 2024',24.00,'2024-06-30'),
(655,1655,'Annual Training Program 2024',22.00,'2024-06-30'),
(656,1656,'Annual Training Program 2024',78.00,'2024-06-30'),
(657,1657,'Annual Training Program 2024',27.00,'2024-06-30'),
(658,1658,'Annual Training Program 2024',49.00,'2024-06-30'),
(659,1659,'Annual Training Program 2024',39.00,'2024-06-30'),
(660,1660,'Annual Training Program 2024',54.00,'2024-06-30'),
(661,1661,'Annual Training Program 2024',41.00,'2024-06-30'),
(662,1662,'Annual Training Program 2024',39.00,'2024-06-30'),
(663,1663,'Annual Training Program 2024',56.00,'2024-06-30'),
(664,1664,'Annual Training Program 2024',31.00,'2024-06-30'),
(665,1665,'Annual Training Program 2024',24.00,'2024-06-30'),
(666,1666,'Annual Training Program 2024',17.00,'2024-06-30'),
(667,1667,'Annual Training Program 2024',34.00,'2024-06-30'),
(668,1668,'Annual Training Program 2024',47.00,'2024-06-30'),
(669,1669,'Annual Training Program 2024',55.00,'2024-06-30'),
(670,1670,'Annual Training Program 2024',40.00,'2024-06-30'),
(671,1671,'Annual Training Program 2024',28.00,'2024-06-30'),
(672,1672,'Annual Training Program 2024',51.00,'2024-06-30'),
(673,1673,'Annual Training Program 2024',35.00,'2024-06-30'),
(674,1674,'Annual Training Program 2024',59.00,'2024-06-30'),
(675,1675,'Annual Training Program 2024',30.00,'2024-06-30'),
(676,1676,'Annual Training Program 2024',17.00,'2024-06-30'),
(677,1677,'Annual Training Program 2024',39.00,'2024-06-30'),
(678,1678,'Annual Training Program 2024',31.00,'2024-06-30'),
(679,1679,'Annual Training Program 2024',45.00,'2024-06-30'),
(680,1680,'Annual Training Program 2024',38.00,'2024-06-30'),
(681,1681,'Annual Training Program 2024',48.00,'2024-06-30'),
(682,1682,'Annual Training Program 2024',48.00,'2024-06-30'),
(683,1683,'Annual Training Program 2024',37.00,'2024-06-30'),
(684,1684,'Annual Training Program 2024',41.00,'2024-06-30'),
(685,1685,'Annual Training Program 2024',37.00,'2024-06-30'),
(686,1686,'Annual Training Program 2024',45.00,'2024-06-30'),
(687,1687,'Annual Training Program 2024',36.00,'2024-06-30'),
(688,1688,'Annual Training Program 2024',54.00,'2024-06-30'),
(689,1689,'Annual Training Program 2024',40.00,'2024-06-30'),
(690,1690,'Annual Training Program 2024',22.00,'2024-06-30'),
(691,1691,'Annual Training Program 2024',38.00,'2024-06-30'),
(692,1692,'Annual Training Program 2024',25.00,'2024-06-30'),
(693,1693,'Annual Training Program 2024',27.00,'2024-06-30'),
(694,1694,'Annual Training Program 2024',18.00,'2024-06-30'),
(695,1695,'Annual Training Program 2024',47.00,'2024-06-30'),
(696,1696,'Annual Training Program 2024',21.00,'2024-06-30'),
(697,1697,'Annual Training Program 2024',44.00,'2024-06-30'),
(698,1698,'Annual Training Program 2024',68.00,'2024-06-30'),
(699,1699,'Annual Training Program 2024',39.00,'2024-06-30'),
(700,1700,'Annual Training Program 2024',44.00,'2024-06-30'),
(701,1701,'Annual Training Program 2024',31.00,'2024-06-30'),
(702,1702,'Annual Training Program 2024',43.00,'2024-06-30'),
(703,1703,'Annual Training Program 2024',21.00,'2024-06-30'),
(704,1704,'Annual Training Program 2024',24.00,'2024-06-30'),
(705,1705,'Annual Training Program 2024',31.00,'2024-06-30'),
(706,1706,'Annual Training Program 2024',36.00,'2024-06-30'),
(707,1707,'Annual Training Program 2024',35.00,'2024-06-30'),
(708,1708,'Annual Training Program 2024',53.00,'2024-06-30'),
(709,1709,'Annual Training Program 2024',47.00,'2024-06-30'),
(710,1710,'Annual Training Program 2024',42.00,'2024-06-30'),
(711,1711,'Annual Training Program 2024',38.00,'2024-06-30'),
(712,1712,'Annual Training Program 2024',59.00,'2024-06-30'),
(713,1713,'Annual Training Program 2024',47.00,'2024-06-30'),
(714,1714,'Annual Training Program 2024',21.00,'2024-06-30'),
(715,1715,'Annual Training Program 2024',34.00,'2024-06-30'),
(716,1716,'Annual Training Program 2024',57.00,'2024-06-30'),
(717,1717,'Annual Training Program 2024',33.00,'2024-06-30'),
(718,1718,'Annual Training Program 2024',23.00,'2024-06-30'),
(719,1719,'Annual Training Program 2024',48.00,'2024-06-30'),
(720,1720,'Annual Training Program 2024',24.00,'2024-06-30'),
(721,1721,'Annual Training Program 2024',64.00,'2024-06-30'),
(722,1722,'Annual Training Program 2024',59.00,'2024-06-30'),
(723,1723,'Annual Training Program 2024',43.00,'2024-06-30'),
(724,1724,'Annual Training Program 2024',44.00,'2024-06-30'),
(725,1725,'Annual Training Program 2024',37.00,'2024-06-30'),
(726,1726,'Annual Training Program 2024',57.00,'2024-06-30'),
(727,1727,'Annual Training Program 2024',50.00,'2024-06-30'),
(728,1728,'Annual Training Program 2024',28.00,'2024-06-30'),
(729,1729,'Annual Training Program 2024',28.00,'2024-06-30'),
(730,1730,'Annual Training Program 2024',26.00,'2024-06-30'),
(731,1731,'Annual Training Program 2024',43.00,'2024-06-30'),
(732,1732,'Annual Training Program 2024',47.00,'2024-06-30'),
(733,1733,'Annual Training Program 2024',51.00,'2024-06-30'),
(734,1734,'Annual Training Program 2024',55.00,'2024-06-30'),
(735,1735,'Annual Training Program 2024',4.00,'2024-06-30'),
(736,1736,'Annual Training Program 2024',21.00,'2024-06-30'),
(737,1737,'Annual Training Program 2024',48.00,'2024-06-30'),
(738,1738,'Annual Training Program 2024',48.00,'2024-06-30'),
(739,1739,'Annual Training Program 2024',51.00,'2024-06-30'),
(740,1740,'Annual Training Program 2024',22.00,'2024-06-30'),
(741,1741,'Annual Training Program 2024',41.00,'2024-06-30'),
(742,1742,'Annual Training Program 2024',36.00,'2024-06-30'),
(743,1743,'Annual Training Program 2024',8.00,'2024-06-30'),
(744,1744,'Annual Training Program 2024',46.00,'2024-06-30'),
(745,1745,'Annual Training Program 2024',40.00,'2024-06-30'),
(746,1746,'Annual Training Program 2024',38.00,'2024-06-30'),
(747,1747,'Annual Training Program 2024',47.00,'2024-06-30'),
(748,1748,'Annual Training Program 2024',29.00,'2024-06-30'),
(749,1749,'Annual Training Program 2024',42.00,'2024-06-30'),
(750,1750,'Annual Training Program 2024',39.00,'2024-06-30'),
(751,1751,'Annual Training Program 2024',51.00,'2024-06-30'),
(752,1752,'Annual Training Program 2024',44.00,'2024-06-30'),
(753,1753,'Annual Training Program 2024',18.00,'2024-06-30'),
(754,1754,'Annual Training Program 2024',53.00,'2024-06-30'),
(755,1755,'Annual Training Program 2024',44.00,'2024-06-30'),
(756,1756,'Annual Training Program 2024',60.00,'2024-06-30'),
(757,1757,'Annual Training Program 2024',42.00,'2024-06-30'),
(758,1758,'Annual Training Program 2024',43.00,'2024-06-30'),
(759,1759,'Annual Training Program 2024',30.00,'2024-06-30'),
(760,1760,'Annual Training Program 2024',48.00,'2024-06-30'),
(761,1761,'Annual Training Program 2024',9.00,'2024-06-30'),
(762,1762,'Annual Training Program 2024',34.00,'2024-06-30'),
(763,1763,'Annual Training Program 2024',36.00,'2024-06-30'),
(764,1764,'Annual Training Program 2024',42.00,'2024-06-30'),
(765,1765,'Annual Training Program 2024',43.00,'2024-06-30'),
(766,1766,'Annual Training Program 2024',25.00,'2024-06-30'),
(767,1767,'Annual Training Program 2024',53.00,'2024-06-30'),
(768,1768,'Annual Training Program 2024',29.00,'2024-06-30'),
(769,1769,'Annual Training Program 2024',17.00,'2024-06-30'),
(770,1770,'Annual Training Program 2024',22.00,'2024-06-30'),
(771,1771,'Annual Training Program 2024',43.00,'2024-06-30'),
(772,1772,'Annual Training Program 2024',35.00,'2024-06-30'),
(773,1773,'Annual Training Program 2024',45.00,'2024-06-30'),
(774,1774,'Annual Training Program 2024',4.00,'2024-06-30'),
(775,1775,'Annual Training Program 2024',43.00,'2024-06-30'),
(776,1776,'Annual Training Program 2024',43.00,'2024-06-30'),
(777,1777,'Annual Training Program 2024',47.00,'2024-06-30'),
(778,1778,'Annual Training Program 2024',37.00,'2024-06-30'),
(779,1779,'Annual Training Program 2024',25.00,'2024-06-30'),
(780,1780,'Annual Training Program 2024',25.00,'2024-06-30'),
(781,1781,'Annual Training Program 2024',45.00,'2024-06-30'),
(782,1782,'Annual Training Program 2024',53.00,'2024-06-30'),
(783,1783,'Annual Training Program 2024',16.00,'2024-06-30'),
(784,1784,'Annual Training Program 2024',15.00,'2024-06-30'),
(785,1785,'Annual Training Program 2024',30.00,'2024-06-30'),
(786,1786,'Annual Training Program 2024',37.00,'2024-06-30'),
(787,1787,'Annual Training Program 2024',48.00,'2024-06-30'),
(788,1788,'Annual Training Program 2024',69.00,'2024-06-30'),
(789,1789,'Annual Training Program 2024',57.00,'2024-06-30'),
(790,1790,'Annual Training Program 2024',59.00,'2024-06-30'),
(791,1791,'Annual Training Program 2024',22.00,'2024-06-30'),
(792,1792,'Annual Training Program 2024',28.00,'2024-06-30'),
(793,1793,'Annual Training Program 2024',72.00,'2024-06-30'),
(794,1794,'Annual Training Program 2024',28.00,'2024-06-30'),
(795,1795,'Annual Training Program 2024',35.00,'2024-06-30'),
(796,1796,'Annual Training Program 2024',11.00,'2024-06-30'),
(797,1797,'Annual Training Program 2024',53.00,'2024-06-30'),
(798,1798,'Annual Training Program 2024',24.00,'2024-06-30'),
(799,1799,'Annual Training Program 2024',45.00,'2024-06-30'),
(800,1800,'Annual Training Program 2024',43.00,'2024-06-30'),
(801,1801,'Annual Training Program 2024',49.00,'2024-06-30'),
(802,1802,'Annual Training Program 2024',31.00,'2024-06-30'),
(803,1803,'Annual Training Program 2024',41.00,'2024-06-30'),
(804,1804,'Annual Training Program 2024',44.00,'2024-06-30'),
(805,1805,'Annual Training Program 2024',50.00,'2024-06-30'),
(806,1806,'Annual Training Program 2024',60.00,'2024-06-30'),
(807,1807,'Annual Training Program 2024',34.00,'2024-06-30'),
(808,1808,'Annual Training Program 2024',33.00,'2024-06-30'),
(809,1809,'Annual Training Program 2024',22.00,'2024-06-30'),
(810,1810,'Annual Training Program 2024',52.00,'2024-06-30'),
(811,1811,'Annual Training Program 2024',55.00,'2024-06-30'),
(812,1812,'Annual Training Program 2024',22.00,'2024-06-30'),
(813,1813,'Annual Training Program 2024',50.00,'2024-06-30'),
(814,1814,'Annual Training Program 2024',67.00,'2024-06-30'),
(815,1815,'Annual Training Program 2024',40.00,'2024-06-30'),
(816,1816,'Annual Training Program 2024',32.00,'2024-06-30'),
(817,1817,'Annual Training Program 2024',70.00,'2024-06-30'),
(818,1818,'Annual Training Program 2024',33.00,'2024-06-30'),
(819,1819,'Annual Training Program 2024',48.00,'2024-06-30'),
(820,1820,'Annual Training Program 2024',44.00,'2024-06-30'),
(821,1821,'Annual Training Program 2024',54.00,'2024-06-30'),
(822,1822,'Annual Training Program 2024',31.00,'2024-06-30'),
(823,1823,'Annual Training Program 2024',53.00,'2024-06-30'),
(824,1824,'Annual Training Program 2024',28.00,'2024-06-30'),
(825,1825,'Annual Training Program 2024',6.00,'2024-06-30'),
(826,1826,'Annual Training Program 2024',35.00,'2024-06-30'),
(827,1827,'Annual Training Program 2024',6.00,'2024-06-30'),
(828,1828,'Annual Training Program 2024',44.00,'2024-06-30'),
(829,1829,'Annual Training Program 2024',50.00,'2024-06-30'),
(830,1830,'Annual Training Program 2024',20.00,'2024-06-30'),
(831,1831,'Annual Training Program 2024',44.00,'2024-06-30'),
(832,1832,'Annual Training Program 2024',51.00,'2024-06-30'),
(833,1833,'Annual Training Program 2024',57.00,'2024-06-30'),
(834,1834,'Annual Training Program 2024',22.00,'2024-06-30'),
(835,1835,'Annual Training Program 2024',59.00,'2024-06-30'),
(836,1836,'Annual Training Program 2024',42.00,'2024-06-30'),
(837,1837,'Annual Training Program 2024',44.00,'2024-06-30'),
(838,1838,'Annual Training Program 2024',40.00,'2024-06-30'),
(839,1839,'Annual Training Program 2024',25.00,'2024-06-30'),
(840,1840,'Annual Training Program 2024',43.00,'2024-06-30'),
(841,1841,'Annual Training Program 2024',19.00,'2024-06-30'),
(842,1842,'Annual Training Program 2024',39.00,'2024-06-30'),
(843,1843,'Annual Training Program 2024',55.00,'2024-06-30'),
(844,1844,'Annual Training Program 2024',22.00,'2024-06-30'),
(845,1845,'Annual Training Program 2024',56.00,'2024-06-30'),
(846,1846,'Annual Training Program 2024',54.00,'2024-06-30'),
(847,1847,'Annual Training Program 2024',26.00,'2024-06-30'),
(848,1848,'Annual Training Program 2024',41.00,'2024-06-30'),
(849,1849,'Annual Training Program 2024',69.00,'2024-06-30'),
(850,1850,'Annual Training Program 2024',38.00,'2024-06-30'),
(851,1851,'Annual Training Program 2024',52.00,'2024-06-30'),
(852,1852,'Annual Training Program 2024',50.00,'2024-06-30'),
(853,1853,'Annual Training Program 2024',43.00,'2024-06-30'),
(854,1854,'Annual Training Program 2024',40.00,'2024-06-30'),
(855,1855,'Annual Training Program 2024',35.00,'2024-06-30'),
(856,1856,'Annual Training Program 2024',22.00,'2024-06-30'),
(857,1857,'Annual Training Program 2024',52.00,'2024-06-30'),
(858,1858,'Annual Training Program 2024',66.00,'2024-06-30'),
(859,1859,'Annual Training Program 2024',23.00,'2024-06-30'),
(860,1860,'Annual Training Program 2024',60.00,'2024-06-30'),
(861,1861,'Annual Training Program 2024',54.00,'2024-06-30'),
(862,1862,'Annual Training Program 2024',21.00,'2024-06-30'),
(863,1863,'Annual Training Program 2024',32.00,'2024-06-30'),
(864,1864,'Annual Training Program 2024',64.00,'2024-06-30'),
(865,1865,'Annual Training Program 2024',51.00,'2024-06-30'),
(866,1866,'Annual Training Program 2024',49.00,'2024-06-30'),
(867,1867,'Annual Training Program 2024',0.00,'2024-06-30'),
(868,1868,'Annual Training Program 2024',66.00,'2024-06-30'),
(869,1869,'Annual Training Program 2024',39.00,'2024-06-30'),
(870,1870,'Annual Training Program 2024',23.00,'2024-06-30'),
(871,1871,'Annual Training Program 2024',27.00,'2024-06-30'),
(872,1872,'Annual Training Program 2024',48.00,'2024-06-30'),
(873,1873,'Annual Training Program 2024',15.00,'2024-06-30'),
(874,1874,'Annual Training Program 2024',55.00,'2024-06-30'),
(875,1875,'Annual Training Program 2024',31.00,'2024-06-30'),
(876,1876,'Annual Training Program 2024',30.00,'2024-06-30'),
(877,1877,'Annual Training Program 2024',43.00,'2024-06-30'),
(878,1878,'Annual Training Program 2024',32.00,'2024-06-30'),
(879,1879,'Annual Training Program 2024',18.00,'2024-06-30'),
(880,1880,'Annual Training Program 2024',47.00,'2024-06-30'),
(881,1881,'Annual Training Program 2024',45.00,'2024-06-30'),
(882,1882,'Annual Training Program 2024',40.00,'2024-06-30'),
(883,1883,'Annual Training Program 2024',41.00,'2024-06-30'),
(884,1884,'Annual Training Program 2024',38.00,'2024-06-30'),
(885,1885,'Annual Training Program 2024',47.00,'2024-06-30'),
(886,1886,'Annual Training Program 2024',51.00,'2024-06-30'),
(887,1887,'Annual Training Program 2024',46.00,'2024-06-30'),
(888,1888,'Annual Training Program 2024',48.00,'2024-06-30'),
(889,1889,'Annual Training Program 2024',44.00,'2024-06-30'),
(890,1890,'Annual Training Program 2024',43.00,'2024-06-30'),
(891,1891,'Annual Training Program 2024',36.00,'2024-06-30'),
(892,1892,'Annual Training Program 2024',40.00,'2024-06-30'),
(893,1893,'Annual Training Program 2024',58.00,'2024-06-30'),
(894,1894,'Annual Training Program 2024',17.00,'2024-06-30'),
(895,1895,'Annual Training Program 2024',37.00,'2024-06-30'),
(896,1896,'Annual Training Program 2024',39.00,'2024-06-30'),
(897,1897,'Annual Training Program 2024',51.00,'2024-06-30'),
(898,1898,'Annual Training Program 2024',49.00,'2024-06-30'),
(899,1899,'Annual Training Program 2024',33.00,'2024-06-30'),
(900,1900,'Annual Training Program 2024',25.00,'2024-06-30'),
(901,1901,'Annual Training Program 2024',37.00,'2024-06-30'),
(902,1902,'Annual Training Program 2024',55.00,'2024-06-30'),
(903,1903,'Annual Training Program 2024',22.00,'2024-06-30'),
(904,1904,'Annual Training Program 2024',27.00,'2024-06-30'),
(905,1905,'Annual Training Program 2024',41.00,'2024-06-30'),
(906,1906,'Annual Training Program 2024',27.00,'2024-06-30'),
(907,1907,'Annual Training Program 2024',47.00,'2024-06-30'),
(908,1908,'Annual Training Program 2024',29.00,'2024-06-30'),
(909,1909,'Annual Training Program 2024',27.00,'2024-06-30'),
(910,1910,'Annual Training Program 2024',31.00,'2024-06-30'),
(911,1911,'Annual Training Program 2024',60.00,'2024-06-30'),
(912,1912,'Annual Training Program 2024',48.00,'2024-06-30'),
(913,1913,'Annual Training Program 2024',60.00,'2024-06-30'),
(914,1914,'Annual Training Program 2024',43.00,'2024-06-30'),
(915,1915,'Annual Training Program 2024',49.00,'2024-06-30'),
(916,1916,'Annual Training Program 2024',36.00,'2024-06-30'),
(917,1917,'Annual Training Program 2024',42.00,'2024-06-30'),
(918,1918,'Annual Training Program 2024',27.00,'2024-06-30'),
(919,1919,'Annual Training Program 2024',59.00,'2024-06-30'),
(920,1920,'Annual Training Program 2024',53.00,'2024-06-30'),
(921,1921,'Annual Training Program 2024',44.00,'2024-06-30'),
(922,1922,'Annual Training Program 2024',32.00,'2024-06-30'),
(923,1923,'Annual Training Program 2024',7.00,'2024-06-30'),
(924,1924,'Annual Training Program 2024',45.00,'2024-06-30'),
(925,1925,'Annual Training Program 2024',18.00,'2024-06-30'),
(926,1926,'Annual Training Program 2024',55.00,'2024-06-30'),
(927,1927,'Annual Training Program 2024',58.00,'2024-06-30'),
(928,1928,'Annual Training Program 2024',22.00,'2024-06-30'),
(929,1929,'Annual Training Program 2024',44.00,'2024-06-30'),
(930,1930,'Annual Training Program 2024',29.00,'2024-06-30'),
(931,1931,'Annual Training Program 2024',8.00,'2024-06-30'),
(932,1932,'Annual Training Program 2024',26.00,'2024-06-30'),
(933,1933,'Annual Training Program 2024',64.00,'2024-06-30'),
(934,1934,'Annual Training Program 2024',26.00,'2024-06-30'),
(935,1935,'Annual Training Program 2024',86.00,'2024-06-30'),
(936,1936,'Annual Training Program 2024',60.00,'2024-06-30'),
(937,1937,'Annual Training Program 2024',37.00,'2024-06-30'),
(938,1938,'Annual Training Program 2024',40.00,'2024-06-30'),
(939,1939,'Annual Training Program 2024',45.00,'2024-06-30'),
(940,1940,'Annual Training Program 2024',40.00,'2024-06-30'),
(941,1941,'Annual Training Program 2024',58.00,'2024-06-30'),
(942,1942,'Annual Training Program 2024',36.00,'2024-06-30'),
(943,1943,'Annual Training Program 2024',45.00,'2024-06-30'),
(944,1944,'Annual Training Program 2024',39.00,'2024-06-30'),
(945,1945,'Annual Training Program 2024',37.00,'2024-06-30'),
(946,1946,'Annual Training Program 2024',54.00,'2024-06-30'),
(947,1947,'Annual Training Program 2024',19.00,'2024-06-30'),
(948,1948,'Annual Training Program 2024',33.00,'2024-06-30'),
(949,1949,'Annual Training Program 2024',16.00,'2024-06-30'),
(950,1950,'Annual Training Program 2024',13.00,'2024-06-30'),
(951,1951,'Annual Training Program 2024',74.00,'2024-06-30'),
(952,1952,'Annual Training Program 2024',49.00,'2024-06-30'),
(953,1953,'Annual Training Program 2024',65.00,'2024-06-30'),
(954,1954,'Annual Training Program 2024',41.00,'2024-06-30'),
(955,1955,'Annual Training Program 2024',47.00,'2024-06-30'),
(956,1956,'Annual Training Program 2024',43.00,'2024-06-30'),
(957,1957,'Annual Training Program 2024',18.00,'2024-06-30'),
(958,1958,'Annual Training Program 2024',35.00,'2024-06-30'),
(959,1959,'Annual Training Program 2024',29.00,'2024-06-30'),
(960,1960,'Annual Training Program 2024',34.00,'2024-06-30'),
(961,1961,'Annual Training Program 2024',46.00,'2024-06-30'),
(962,1962,'Annual Training Program 2024',33.00,'2024-06-30'),
(963,1963,'Annual Training Program 2024',41.00,'2024-06-30'),
(964,1964,'Annual Training Program 2024',21.00,'2024-06-30'),
(965,1965,'Annual Training Program 2024',39.00,'2024-06-30'),
(966,1966,'Annual Training Program 2024',26.00,'2024-06-30'),
(967,1967,'Annual Training Program 2024',23.00,'2024-06-30'),
(968,1968,'Annual Training Program 2024',63.00,'2024-06-30'),
(969,1969,'Annual Training Program 2024',33.00,'2024-06-30'),
(970,1970,'Annual Training Program 2024',43.00,'2024-06-30'),
(971,1971,'Annual Training Program 2024',39.00,'2024-06-30'),
(972,1972,'Annual Training Program 2024',31.00,'2024-06-30'),
(973,1973,'Annual Training Program 2024',51.00,'2024-06-30'),
(974,1974,'Annual Training Program 2024',50.00,'2024-06-30'),
(975,1975,'Annual Training Program 2024',47.00,'2024-06-30'),
(976,1976,'Annual Training Program 2024',31.00,'2024-06-30'),
(977,1977,'Annual Training Program 2024',23.00,'2024-06-30'),
(978,1978,'Annual Training Program 2024',45.00,'2024-06-30'),
(979,1979,'Annual Training Program 2024',58.00,'2024-06-30'),
(980,1980,'Annual Training Program 2024',35.00,'2024-06-30'),
(981,1981,'Annual Training Program 2024',46.00,'2024-06-30'),
(982,1982,'Annual Training Program 2024',27.00,'2024-06-30'),
(983,1983,'Annual Training Program 2024',70.00,'2024-06-30'),
(984,1984,'Annual Training Program 2024',34.00,'2024-06-30'),
(985,1985,'Annual Training Program 2024',50.00,'2024-06-30'),
(986,1986,'Annual Training Program 2024',49.00,'2024-06-30'),
(987,1987,'Annual Training Program 2024',49.00,'2024-06-30'),
(988,1988,'Annual Training Program 2024',48.00,'2024-06-30'),
(989,1989,'Annual Training Program 2024',26.00,'2024-06-30'),
(990,1990,'Annual Training Program 2024',51.00,'2024-06-30'),
(991,1991,'Annual Training Program 2024',56.00,'2024-06-30'),
(992,1992,'Annual Training Program 2024',68.00,'2024-06-30'),
(993,1993,'Annual Training Program 2024',36.00,'2024-06-30'),
(994,1994,'Annual Training Program 2024',42.00,'2024-06-30'),
(995,1995,'Annual Training Program 2024',39.00,'2024-06-30'),
(996,1996,'Annual Training Program 2024',58.00,'2024-06-30'),
(997,1997,'Annual Training Program 2024',32.00,'2024-06-30'),
(998,1998,'Annual Training Program 2024',45.00,'2024-06-30'),
(999,1999,'Annual Training Program 2024',31.00,'2024-06-30'),
(1000,2000,'Annual Training Program 2024',57.00,'2024-06-30'),
(1001,2001,'Annual Training Program 2024',57.00,'2024-06-30'),
(1002,2002,'Annual Training Program 2024',30.00,'2024-06-30'),
(1003,2003,'Annual Training Program 2024',17.00,'2024-06-30'),
(1004,2004,'Annual Training Program 2024',38.00,'2024-06-30'),
(1005,2005,'Annual Training Program 2024',51.00,'2024-06-30'),
(1006,2006,'Annual Training Program 2024',50.00,'2024-06-30'),
(1007,2007,'Annual Training Program 2024',40.00,'2024-06-30'),
(1008,2008,'Annual Training Program 2024',34.00,'2024-06-30'),
(1009,2009,'Annual Training Program 2024',42.00,'2024-06-30'),
(1010,2010,'Annual Training Program 2024',30.00,'2024-06-30'),
(1011,2011,'Annual Training Program 2024',44.00,'2024-06-30'),
(1012,2012,'Annual Training Program 2024',53.00,'2024-06-30'),
(1013,2013,'Annual Training Program 2024',40.00,'2024-06-30'),
(1014,2014,'Annual Training Program 2024',25.00,'2024-06-30'),
(1015,2015,'Annual Training Program 2024',38.00,'2024-06-30'),
(1016,2016,'Annual Training Program 2024',20.00,'2024-06-30'),
(1017,2017,'Annual Training Program 2024',30.00,'2024-06-30'),
(1018,2018,'Annual Training Program 2024',43.00,'2024-06-30'),
(1019,2019,'Annual Training Program 2024',18.00,'2024-06-30'),
(1020,2020,'Annual Training Program 2024',37.00,'2024-06-30'),
(1021,2021,'Annual Training Program 2024',49.00,'2024-06-30'),
(1022,2022,'Annual Training Program 2024',41.00,'2024-06-30'),
(1023,2023,'Annual Training Program 2024',32.00,'2024-06-30'),
(1024,2024,'Annual Training Program 2024',49.00,'2024-06-30'),
(1025,2025,'Annual Training Program 2024',40.00,'2024-06-30'),
(1026,2026,'Annual Training Program 2024',61.00,'2024-06-30'),
(1027,2027,'Annual Training Program 2024',20.00,'2024-06-30'),
(1028,2028,'Annual Training Program 2024',51.00,'2024-06-30'),
(1029,2029,'Annual Training Program 2024',52.00,'2024-06-30'),
(1030,2030,'Annual Training Program 2024',66.00,'2024-06-30'),
(1031,2031,'Annual Training Program 2024',17.00,'2024-06-30'),
(1032,2032,'Annual Training Program 2024',29.00,'2024-06-30'),
(1033,2033,'Annual Training Program 2024',30.00,'2024-06-30'),
(1034,2034,'Annual Training Program 2024',46.00,'2024-06-30'),
(1035,2035,'Annual Training Program 2024',34.00,'2024-06-30'),
(1036,2036,'Annual Training Program 2024',65.00,'2024-06-30'),
(1037,2037,'Annual Training Program 2024',59.00,'2024-06-30'),
(1038,2038,'Annual Training Program 2024',55.00,'2024-06-30'),
(1039,2039,'Annual Training Program 2024',51.00,'2024-06-30'),
(1040,2040,'Annual Training Program 2024',70.00,'2024-06-30'),
(1041,2041,'Annual Training Program 2024',25.00,'2024-06-30'),
(1042,2042,'Annual Training Program 2024',40.00,'2024-06-30'),
(1043,2043,'Annual Training Program 2024',55.00,'2024-06-30'),
(1044,2044,'Annual Training Program 2024',17.00,'2024-06-30'),
(1045,2045,'Annual Training Program 2024',45.00,'2024-06-30'),
(1046,2046,'Annual Training Program 2024',47.00,'2024-06-30'),
(1047,2047,'Annual Training Program 2024',43.00,'2024-06-30'),
(1048,2048,'Annual Training Program 2024',41.00,'2024-06-30'),
(1049,2049,'Annual Training Program 2024',1.00,'2024-06-30'),
(1050,2050,'Annual Training Program 2024',39.00,'2024-06-30'),
(1051,2051,'Annual Training Program 2024',54.00,'2024-06-30'),
(1052,2052,'Annual Training Program 2024',54.00,'2024-06-30'),
(1053,2053,'Annual Training Program 2024',24.00,'2024-06-30'),
(1054,2054,'Annual Training Program 2024',11.00,'2024-06-30'),
(1055,2055,'Annual Training Program 2024',63.00,'2024-06-30'),
(1056,2056,'Annual Training Program 2024',35.00,'2024-06-30'),
(1057,2057,'Annual Training Program 2024',26.00,'2024-06-30'),
(1058,2058,'Annual Training Program 2024',29.00,'2024-06-30'),
(1059,2059,'Annual Training Program 2024',60.00,'2024-06-30'),
(1060,2060,'Annual Training Program 2024',23.00,'2024-06-30'),
(1061,2061,'Annual Training Program 2024',34.00,'2024-06-30'),
(1062,2062,'Annual Training Program 2024',36.00,'2024-06-30'),
(1063,2063,'Annual Training Program 2024',13.00,'2024-06-30'),
(1064,2064,'Annual Training Program 2024',31.00,'2024-06-30'),
(1065,2065,'Annual Training Program 2024',49.00,'2024-06-30'),
(1066,2066,'Annual Training Program 2024',45.00,'2024-06-30'),
(1067,2067,'Annual Training Program 2024',24.00,'2024-06-30'),
(1068,2068,'Annual Training Program 2024',36.00,'2024-06-30'),
(1069,2069,'Annual Training Program 2024',11.00,'2024-06-30'),
(1070,2070,'Annual Training Program 2024',35.00,'2024-06-30'),
(1071,2071,'Annual Training Program 2024',39.00,'2024-06-30'),
(1072,2072,'Annual Training Program 2024',59.00,'2024-06-30'),
(1073,2073,'Annual Training Program 2024',25.00,'2024-06-30'),
(1074,2074,'Annual Training Program 2024',21.00,'2024-06-30'),
(1075,2075,'Annual Training Program 2024',21.00,'2024-06-30'),
(1076,2076,'Annual Training Program 2024',54.00,'2024-06-30'),
(1077,2077,'Annual Training Program 2024',47.00,'2024-06-30'),
(1078,2078,'Annual Training Program 2024',16.00,'2024-06-30'),
(1079,2079,'Annual Training Program 2024',27.00,'2024-06-30'),
(1080,2080,'Annual Training Program 2024',52.00,'2024-06-30'),
(1081,2081,'Annual Training Program 2024',48.00,'2024-06-30'),
(1082,2082,'Annual Training Program 2024',37.00,'2024-06-30'),
(1083,2083,'Annual Training Program 2024',36.00,'2024-06-30'),
(1084,2084,'Annual Training Program 2024',38.00,'2024-06-30'),
(1085,2085,'Annual Training Program 2024',36.00,'2024-06-30'),
(1086,2086,'Annual Training Program 2024',40.00,'2024-06-30'),
(1087,2087,'Annual Training Program 2024',42.00,'2024-06-30'),
(1088,2088,'Annual Training Program 2024',67.00,'2024-06-30'),
(1089,2089,'Annual Training Program 2024',60.00,'2024-06-30'),
(1090,2090,'Annual Training Program 2024',50.00,'2024-06-30'),
(1091,2091,'Annual Training Program 2024',31.00,'2024-06-30'),
(1092,2092,'Annual Training Program 2024',39.00,'2024-06-30'),
(1093,2093,'Annual Training Program 2024',31.00,'2024-06-30'),
(1094,2094,'Annual Training Program 2024',28.00,'2024-06-30'),
(1095,2095,'Annual Training Program 2024',58.00,'2024-06-30'),
(1096,2096,'Annual Training Program 2024',45.00,'2024-06-30'),
(1097,2097,'Annual Training Program 2024',26.00,'2024-06-30'),
(1098,2098,'Annual Training Program 2024',15.00,'2024-06-30'),
(1099,2099,'Annual Training Program 2024',65.00,'2024-06-30'),
(1100,2100,'Annual Training Program 2024',56.00,'2024-06-30'),
(1101,2101,'Annual Training Program 2024',41.00,'2024-06-30'),
(1102,2102,'Annual Training Program 2024',10.00,'2024-06-30'),
(1103,2103,'Annual Training Program 2024',0.00,'2024-06-30'),
(1104,2104,'Annual Training Program 2024',15.00,'2024-06-30'),
(1105,2105,'Annual Training Program 2024',23.00,'2024-06-30'),
(1106,2106,'Annual Training Program 2024',54.00,'2024-06-30'),
(1107,2107,'Annual Training Program 2024',46.00,'2024-06-30'),
(1108,2108,'Annual Training Program 2024',27.00,'2024-06-30'),
(1109,2109,'Annual Training Program 2024',73.00,'2024-06-30'),
(1110,2110,'Annual Training Program 2024',54.00,'2024-06-30'),
(1111,2111,'Annual Training Program 2024',17.00,'2024-06-30'),
(1112,2112,'Annual Training Program 2024',66.00,'2024-06-30'),
(1113,2113,'Annual Training Program 2024',71.00,'2024-06-30'),
(1114,2114,'Annual Training Program 2024',40.00,'2024-06-30'),
(1115,2115,'Annual Training Program 2024',7.00,'2024-06-30'),
(1116,2116,'Annual Training Program 2024',55.00,'2024-06-30'),
(1117,2117,'Annual Training Program 2024',45.00,'2024-06-30'),
(1118,2118,'Annual Training Program 2024',54.00,'2024-06-30'),
(1119,2119,'Annual Training Program 2024',42.00,'2024-06-30'),
(1120,2120,'Annual Training Program 2024',18.00,'2024-06-30'),
(1121,2121,'Annual Training Program 2024',27.00,'2024-06-30'),
(1122,2122,'Annual Training Program 2024',51.00,'2024-06-30'),
(1123,2123,'Annual Training Program 2024',45.00,'2024-06-30'),
(1124,2124,'Annual Training Program 2024',39.00,'2024-06-30'),
(1125,2125,'Annual Training Program 2024',33.00,'2024-06-30'),
(1126,2126,'Annual Training Program 2024',48.00,'2024-06-30'),
(1127,2127,'Annual Training Program 2024',58.00,'2024-06-30'),
(1128,2128,'Annual Training Program 2024',52.00,'2024-06-30'),
(1129,2129,'Annual Training Program 2024',52.00,'2024-06-30'),
(1130,2130,'Annual Training Program 2024',74.00,'2024-06-30'),
(1131,2131,'Annual Training Program 2024',35.00,'2024-06-30'),
(1132,2132,'Annual Training Program 2024',27.00,'2024-06-30'),
(1133,2133,'Annual Training Program 2024',26.00,'2024-06-30'),
(1134,2134,'Annual Training Program 2024',43.00,'2024-06-30'),
(1135,2135,'Annual Training Program 2024',35.00,'2024-06-30'),
(1136,2136,'Annual Training Program 2024',45.00,'2024-06-30'),
(1137,2137,'Annual Training Program 2024',26.00,'2024-06-30'),
(1138,2138,'Annual Training Program 2024',42.00,'2024-06-30'),
(1139,2139,'Annual Training Program 2024',55.00,'2024-06-30'),
(1140,2140,'Annual Training Program 2024',28.00,'2024-06-30'),
(1141,2141,'Annual Training Program 2024',27.00,'2024-06-30'),
(1142,2142,'Annual Training Program 2024',54.00,'2024-06-30'),
(1143,2143,'Annual Training Program 2024',18.00,'2024-06-30'),
(1144,2144,'Annual Training Program 2024',40.00,'2024-06-30'),
(1145,2145,'Annual Training Program 2024',39.00,'2024-06-30'),
(1146,2146,'Annual Training Program 2024',59.00,'2024-06-30'),
(1147,2147,'Annual Training Program 2024',26.00,'2024-06-30'),
(1148,2148,'Annual Training Program 2024',29.00,'2024-06-30'),
(1149,2149,'Annual Training Program 2024',46.00,'2024-06-30'),
(1150,2150,'Annual Training Program 2024',10.00,'2024-06-30'),
(1151,2151,'Annual Training Program 2024',30.00,'2024-06-30'),
(1152,2152,'Annual Training Program 2024',19.00,'2024-06-30'),
(1153,2153,'Annual Training Program 2024',21.00,'2024-06-30'),
(1154,2154,'Annual Training Program 2024',59.00,'2024-06-30'),
(1155,2155,'Annual Training Program 2024',59.00,'2024-06-30'),
(1156,2156,'Annual Training Program 2024',13.00,'2024-06-30'),
(1157,2157,'Annual Training Program 2024',34.00,'2024-06-30'),
(1158,2158,'Annual Training Program 2024',21.00,'2024-06-30'),
(1159,2159,'Annual Training Program 2024',68.00,'2024-06-30'),
(1160,2160,'Annual Training Program 2024',32.00,'2024-06-30'),
(1161,2161,'Annual Training Program 2024',15.00,'2024-06-30'),
(1162,2162,'Annual Training Program 2024',14.00,'2024-06-30'),
(1163,2163,'Annual Training Program 2024',45.00,'2024-06-30'),
(1164,2164,'Annual Training Program 2024',55.00,'2024-06-30'),
(1165,2165,'Annual Training Program 2024',45.00,'2024-06-30'),
(1166,2166,'Annual Training Program 2024',49.00,'2024-06-30'),
(1167,2167,'Annual Training Program 2024',47.00,'2024-06-30'),
(1168,2168,'Annual Training Program 2024',12.00,'2024-06-30'),
(1169,2169,'Annual Training Program 2024',19.00,'2024-06-30'),
(1170,2170,'Annual Training Program 2024',42.00,'2024-06-30'),
(1171,2171,'Annual Training Program 2024',54.00,'2024-06-30'),
(1172,2172,'Annual Training Program 2024',38.00,'2024-06-30'),
(1173,2173,'Annual Training Program 2024',40.00,'2024-06-30'),
(1174,2174,'Annual Training Program 2024',35.00,'2024-06-30'),
(1175,2175,'Annual Training Program 2024',62.00,'2024-06-30'),
(1176,2176,'Annual Training Program 2024',26.00,'2024-06-30'),
(1177,2177,'Annual Training Program 2024',56.00,'2024-06-30'),
(1178,2178,'Annual Training Program 2024',71.00,'2024-06-30'),
(1179,2179,'Annual Training Program 2024',50.00,'2024-06-30'),
(1180,2180,'Annual Training Program 2024',18.00,'2024-06-30'),
(1181,2181,'Annual Training Program 2024',49.00,'2024-06-30'),
(1182,2182,'Annual Training Program 2024',35.00,'2024-06-30'),
(1183,2183,'Annual Training Program 2024',39.00,'2024-06-30'),
(1184,2184,'Annual Training Program 2024',54.00,'2024-06-30'),
(1185,2185,'Annual Training Program 2024',29.00,'2024-06-30'),
(1186,2186,'Annual Training Program 2024',14.00,'2024-06-30'),
(1187,2187,'Annual Training Program 2024',56.00,'2024-06-30'),
(1188,2188,'Annual Training Program 2024',34.00,'2024-06-30'),
(1189,2189,'Annual Training Program 2024',59.00,'2024-06-30'),
(1190,2190,'Annual Training Program 2024',36.00,'2024-06-30'),
(1191,2191,'Annual Training Program 2024',38.00,'2024-06-30'),
(1192,2192,'Annual Training Program 2024',25.00,'2024-06-30'),
(1193,2193,'Annual Training Program 2024',52.00,'2024-06-30'),
(1194,2194,'Annual Training Program 2024',51.00,'2024-06-30'),
(1195,2195,'Annual Training Program 2024',44.00,'2024-06-30'),
(1196,2196,'Annual Training Program 2024',54.00,'2024-06-30'),
(1197,2197,'Annual Training Program 2024',36.00,'2024-06-30'),
(1198,2198,'Annual Training Program 2024',36.00,'2024-06-30'),
(1199,2199,'Annual Training Program 2024',19.00,'2024-06-30'),
(1200,2200,'Annual Training Program 2024',54.00,'2024-06-30'),
(1201,2201,'Annual Training Program 2024',26.00,'2024-06-30'),
(1202,2202,'Annual Training Program 2024',53.00,'2024-06-30'),
(1203,2203,'Annual Training Program 2024',30.00,'2024-06-30'),
(1204,2204,'Annual Training Program 2024',49.00,'2024-06-30'),
(1205,2205,'Annual Training Program 2024',52.00,'2024-06-30'),
(1206,2206,'Annual Training Program 2024',8.00,'2024-06-30'),
(1207,2207,'Annual Training Program 2024',49.00,'2024-06-30'),
(1208,2208,'Annual Training Program 2024',43.00,'2024-06-30'),
(1209,2209,'Annual Training Program 2024',18.00,'2024-06-30'),
(1210,2210,'Annual Training Program 2024',47.00,'2024-06-30'),
(1211,2211,'Annual Training Program 2024',34.00,'2024-06-30'),
(1212,2212,'Annual Training Program 2024',20.00,'2024-06-30'),
(1213,2213,'Annual Training Program 2024',47.00,'2024-06-30'),
(1214,2214,'Annual Training Program 2024',48.00,'2024-06-30'),
(1215,2215,'Annual Training Program 2024',45.00,'2024-06-30'),
(1216,2216,'Annual Training Program 2024',47.00,'2024-06-30'),
(1217,2217,'Annual Training Program 2024',46.00,'2024-06-30'),
(1218,2218,'Annual Training Program 2024',32.00,'2024-06-30'),
(1219,2219,'Annual Training Program 2024',0.00,'2024-06-30'),
(1220,2220,'Annual Training Program 2024',49.00,'2024-06-30'),
(1221,2221,'Annual Training Program 2024',28.00,'2024-06-30'),
(1222,2222,'Annual Training Program 2024',64.00,'2024-06-30'),
(1223,2223,'Annual Training Program 2024',60.00,'2024-06-30'),
(1224,2224,'Annual Training Program 2024',20.00,'2024-06-30'),
(1225,2225,'Annual Training Program 2024',32.00,'2024-06-30'),
(1226,2226,'Annual Training Program 2024',30.00,'2024-06-30'),
(1227,2227,'Annual Training Program 2024',43.00,'2024-06-30'),
(1228,2228,'Annual Training Program 2024',9.00,'2024-06-30'),
(1229,2229,'Annual Training Program 2024',59.00,'2024-06-30'),
(1230,2230,'Annual Training Program 2024',33.00,'2024-06-30'),
(1231,2231,'Annual Training Program 2024',41.00,'2024-06-30'),
(1232,2232,'Annual Training Program 2024',56.00,'2024-06-30'),
(1233,2233,'Annual Training Program 2024',39.00,'2024-06-30'),
(1234,2234,'Annual Training Program 2024',23.00,'2024-06-30'),
(1235,2235,'Annual Training Program 2024',61.00,'2024-06-30'),
(1236,2236,'Annual Training Program 2024',29.00,'2024-06-30'),
(1237,2237,'Annual Training Program 2024',34.00,'2024-06-30'),
(1238,2238,'Annual Training Program 2024',16.00,'2024-06-30'),
(1239,2239,'Annual Training Program 2024',66.00,'2024-06-30'),
(1240,2240,'Annual Training Program 2024',49.00,'2024-06-30'),
(1241,2241,'Annual Training Program 2024',63.00,'2024-06-30'),
(1242,2242,'Annual Training Program 2024',33.00,'2024-06-30'),
(1243,2243,'Annual Training Program 2024',26.00,'2024-06-30'),
(1244,2244,'Annual Training Program 2024',42.00,'2024-06-30'),
(1245,2245,'Annual Training Program 2024',51.00,'2024-06-30'),
(1246,2246,'Annual Training Program 2024',21.00,'2024-06-30'),
(1247,2247,'Annual Training Program 2024',29.00,'2024-06-30'),
(1248,2248,'Annual Training Program 2024',59.00,'2024-06-30'),
(1249,2249,'Annual Training Program 2024',27.00,'2024-06-30'),
(1250,2250,'Annual Training Program 2024',58.00,'2024-06-30'),
(1251,2251,'Annual Training Program 2024',36.00,'2024-06-30'),
(1252,2252,'Annual Training Program 2024',27.00,'2024-06-30'),
(1253,2253,'Annual Training Program 2024',38.00,'2024-06-30'),
(1254,2254,'Annual Training Program 2024',19.00,'2024-06-30'),
(1255,2255,'Annual Training Program 2024',66.00,'2024-06-30'),
(1256,2256,'Annual Training Program 2024',44.00,'2024-06-30'),
(1257,2257,'Annual Training Program 2024',24.00,'2024-06-30'),
(1258,2258,'Annual Training Program 2024',49.00,'2024-06-30'),
(1259,2259,'Annual Training Program 2024',47.00,'2024-06-30'),
(1260,2260,'Annual Training Program 2024',56.00,'2024-06-30'),
(1261,2261,'Annual Training Program 2024',42.00,'2024-06-30'),
(1262,2262,'Annual Training Program 2024',44.00,'2024-06-30'),
(1263,2263,'Annual Training Program 2024',30.00,'2024-06-30'),
(1264,2264,'Annual Training Program 2024',36.00,'2024-06-30'),
(1265,2265,'Annual Training Program 2024',40.00,'2024-06-30'),
(1266,2266,'Annual Training Program 2024',15.00,'2024-06-30'),
(1267,2267,'Annual Training Program 2024',60.00,'2024-06-30'),
(1268,2268,'Annual Training Program 2024',8.00,'2024-06-30'),
(1269,2269,'Annual Training Program 2024',50.00,'2024-06-30'),
(1270,2270,'Annual Training Program 2024',32.00,'2024-06-30'),
(1271,2271,'Annual Training Program 2024',17.00,'2024-06-30'),
(1272,2272,'Annual Training Program 2024',40.00,'2024-06-30'),
(1273,2273,'Annual Training Program 2024',33.00,'2024-06-30'),
(1274,2274,'Annual Training Program 2024',14.00,'2024-06-30'),
(1275,2275,'Annual Training Program 2024',31.00,'2024-06-30'),
(1276,2276,'Annual Training Program 2024',28.00,'2024-06-30'),
(1277,2277,'Annual Training Program 2024',28.00,'2024-06-30'),
(1278,2278,'Annual Training Program 2024',54.00,'2024-06-30'),
(1279,2279,'Annual Training Program 2024',43.00,'2024-06-30'),
(1280,2280,'Annual Training Program 2024',29.00,'2024-06-30'),
(1281,2281,'Annual Training Program 2024',26.00,'2024-06-30'),
(1282,2282,'Annual Training Program 2024',65.00,'2024-06-30'),
(1283,2283,'Annual Training Program 2024',36.00,'2024-06-30'),
(1284,2284,'Annual Training Program 2024',33.00,'2024-06-30'),
(1285,2285,'Annual Training Program 2024',17.00,'2024-06-30'),
(1286,2286,'Annual Training Program 2024',32.00,'2024-06-30'),
(1287,2287,'Annual Training Program 2024',60.00,'2024-06-30'),
(1288,2288,'Annual Training Program 2024',33.00,'2024-06-30'),
(1289,2289,'Annual Training Program 2024',78.00,'2024-06-30'),
(1290,2290,'Annual Training Program 2024',32.00,'2024-06-30'),
(1291,2291,'Annual Training Program 2024',23.00,'2024-06-30'),
(1292,2292,'Annual Training Program 2024',35.00,'2024-06-30'),
(1293,2293,'Annual Training Program 2024',20.00,'2024-06-30'),
(1294,2294,'Annual Training Program 2024',30.00,'2024-06-30'),
(1295,2295,'Annual Training Program 2024',50.00,'2024-06-30'),
(1296,2296,'Annual Training Program 2024',50.00,'2024-06-30'),
(1297,2297,'Annual Training Program 2024',41.00,'2024-06-30'),
(1298,2298,'Annual Training Program 2024',43.00,'2024-06-30'),
(1299,2299,'Annual Training Program 2024',38.00,'2024-06-30'),
(1300,2300,'Annual Training Program 2024',41.00,'2024-06-30'),
(1301,2301,'Annual Training Program 2024',40.00,'2024-06-30'),
(1302,2302,'Annual Training Program 2024',49.00,'2024-06-30'),
(1303,2303,'Annual Training Program 2024',29.00,'2024-06-30'),
(1304,2304,'Annual Training Program 2024',56.00,'2024-06-30'),
(1305,2305,'Annual Training Program 2024',35.00,'2024-06-30'),
(1306,2306,'Annual Training Program 2024',28.00,'2024-06-30'),
(1307,2307,'Annual Training Program 2024',36.00,'2024-06-30'),
(1308,2308,'Annual Training Program 2024',46.00,'2024-06-30'),
(1309,2309,'Annual Training Program 2024',27.00,'2024-06-30'),
(1310,2310,'Annual Training Program 2024',35.00,'2024-06-30'),
(1311,2311,'Annual Training Program 2024',44.00,'2024-06-30'),
(1312,2312,'Annual Training Program 2024',29.00,'2024-06-30'),
(1313,2313,'Annual Training Program 2024',26.00,'2024-06-30'),
(1314,2314,'Annual Training Program 2024',15.00,'2024-06-30'),
(1315,2315,'Annual Training Program 2024',38.00,'2024-06-30'),
(1316,2316,'Annual Training Program 2024',0.00,'2024-06-30'),
(1317,2317,'Annual Training Program 2024',50.00,'2024-06-30'),
(1318,2318,'Annual Training Program 2024',11.00,'2024-06-30'),
(1319,2319,'Annual Training Program 2024',57.00,'2024-06-30'),
(1320,2320,'Annual Training Program 2024',17.00,'2024-06-30'),
(1321,2321,'Annual Training Program 2024',8.00,'2024-06-30'),
(1322,2322,'Annual Training Program 2024',20.00,'2024-06-30'),
(1323,2323,'Annual Training Program 2024',39.00,'2024-06-30'),
(1324,2324,'Annual Training Program 2024',42.00,'2024-06-30'),
(1325,2325,'Annual Training Program 2024',42.00,'2024-06-30'),
(1326,2326,'Annual Training Program 2024',31.00,'2024-06-30'),
(1327,2327,'Annual Training Program 2024',50.00,'2024-06-30'),
(1328,2328,'Annual Training Program 2024',48.00,'2024-06-30'),
(1329,2329,'Annual Training Program 2024',59.00,'2024-06-30'),
(1330,2330,'Annual Training Program 2024',46.00,'2024-06-30'),
(1331,2331,'Annual Training Program 2024',45.00,'2024-06-30'),
(1332,2332,'Annual Training Program 2024',52.00,'2024-06-30'),
(1333,2333,'Annual Training Program 2024',49.00,'2024-06-30'),
(1334,2334,'Annual Training Program 2024',40.00,'2024-06-30'),
(1335,2335,'Annual Training Program 2024',38.00,'2024-06-30'),
(1336,2336,'Annual Training Program 2024',29.00,'2024-06-30'),
(1337,2337,'Annual Training Program 2024',34.00,'2024-06-30'),
(1338,2338,'Annual Training Program 2024',76.00,'2024-06-30'),
(1339,2339,'Annual Training Program 2024',54.00,'2024-06-30'),
(1340,2340,'Annual Training Program 2024',42.00,'2024-06-30'),
(1341,2341,'Annual Training Program 2024',62.00,'2024-06-30'),
(1342,2342,'Annual Training Program 2024',66.00,'2024-06-30'),
(1343,2343,'Annual Training Program 2024',13.00,'2024-06-30'),
(1344,2344,'Annual Training Program 2024',64.00,'2024-06-30'),
(1345,2345,'Annual Training Program 2024',50.00,'2024-06-30'),
(1346,2346,'Annual Training Program 2024',25.00,'2024-06-30'),
(1347,2347,'Annual Training Program 2024',30.00,'2024-06-30'),
(1348,2348,'Annual Training Program 2024',57.00,'2024-06-30'),
(1349,2349,'Annual Training Program 2024',67.00,'2024-06-30'),
(1350,2350,'Annual Training Program 2024',55.00,'2024-06-30'),
(1351,2351,'Annual Training Program 2024',30.00,'2024-06-30'),
(1352,2352,'Annual Training Program 2024',37.00,'2024-06-30'),
(1353,2353,'Annual Training Program 2024',29.00,'2024-06-30'),
(1354,2354,'Annual Training Program 2024',39.00,'2024-06-30'),
(1355,2355,'Annual Training Program 2024',24.00,'2024-06-30'),
(1356,2356,'Annual Training Program 2024',37.00,'2024-06-30'),
(1357,2357,'Annual Training Program 2024',24.00,'2024-06-30'),
(1358,2358,'Annual Training Program 2024',69.00,'2024-06-30'),
(1359,2359,'Annual Training Program 2024',25.00,'2024-06-30'),
(1360,2360,'Annual Training Program 2024',21.00,'2024-06-30'),
(1361,2361,'Annual Training Program 2024',38.00,'2024-06-30'),
(1362,2362,'Annual Training Program 2024',40.00,'2024-06-30'),
(1363,2363,'Annual Training Program 2024',60.00,'2024-06-30'),
(1364,2364,'Annual Training Program 2024',65.00,'2024-06-30'),
(1365,2365,'Annual Training Program 2024',26.00,'2024-06-30'),
(1366,2366,'Annual Training Program 2024',61.00,'2024-06-30'),
(1367,2367,'Annual Training Program 2024',36.00,'2024-06-30'),
(1368,2368,'Annual Training Program 2024',34.00,'2024-06-30'),
(1369,2369,'Annual Training Program 2024',32.00,'2024-06-30'),
(1370,2370,'Annual Training Program 2024',45.00,'2024-06-30'),
(1371,2371,'Annual Training Program 2024',28.00,'2024-06-30'),
(1372,2372,'Annual Training Program 2024',43.00,'2024-06-30'),
(1373,2373,'Annual Training Program 2024',34.00,'2024-06-30'),
(1374,2374,'Annual Training Program 2024',52.00,'2024-06-30'),
(1375,2375,'Annual Training Program 2024',50.00,'2024-06-30'),
(1376,2376,'Annual Training Program 2024',35.00,'2024-06-30'),
(1377,2377,'Annual Training Program 2024',26.00,'2024-06-30'),
(1378,2378,'Annual Training Program 2024',47.00,'2024-06-30'),
(1379,2379,'Annual Training Program 2024',22.00,'2024-06-30'),
(1380,2380,'Annual Training Program 2024',38.00,'2024-06-30'),
(1381,2381,'Annual Training Program 2024',49.00,'2024-06-30'),
(1382,2382,'Annual Training Program 2024',29.00,'2024-06-30'),
(1383,2383,'Annual Training Program 2024',36.00,'2024-06-30'),
(1384,2384,'Annual Training Program 2024',27.00,'2024-06-30'),
(1385,2385,'Annual Training Program 2024',19.00,'2024-06-30'),
(1386,2386,'Annual Training Program 2024',24.00,'2024-06-30'),
(1387,2387,'Annual Training Program 2024',49.00,'2024-06-30'),
(1388,2388,'Annual Training Program 2024',60.00,'2024-06-30'),
(1389,2389,'Annual Training Program 2024',42.00,'2024-06-30'),
(1390,2390,'Annual Training Program 2024',52.00,'2024-06-30'),
(1391,2391,'Annual Training Program 2024',52.00,'2024-06-30'),
(1392,2392,'Annual Training Program 2024',47.00,'2024-06-30'),
(1393,2393,'Annual Training Program 2024',37.00,'2024-06-30'),
(1394,2394,'Annual Training Program 2024',26.00,'2024-06-30'),
(1395,2395,'Annual Training Program 2024',41.00,'2024-06-30'),
(1396,2396,'Annual Training Program 2024',43.00,'2024-06-30'),
(1397,2397,'Annual Training Program 2024',16.00,'2024-06-30'),
(1398,2398,'Annual Training Program 2024',37.00,'2024-06-30'),
(1399,2399,'Annual Training Program 2024',9.00,'2024-06-30'),
(1400,2400,'Annual Training Program 2024',9.00,'2024-06-30'),
(1401,2401,'Annual Training Program 2024',39.00,'2024-06-30'),
(1402,2402,'Annual Training Program 2024',68.00,'2024-06-30'),
(1403,2403,'Annual Training Program 2024',68.00,'2024-06-30'),
(1404,2404,'Annual Training Program 2024',37.00,'2024-06-30'),
(1405,2405,'Annual Training Program 2024',53.00,'2024-06-30'),
(1406,2406,'Annual Training Program 2024',32.00,'2024-06-30'),
(1407,2407,'Annual Training Program 2024',31.00,'2024-06-30'),
(1408,2408,'Annual Training Program 2024',21.00,'2024-06-30'),
(1409,2409,'Annual Training Program 2024',50.00,'2024-06-30'),
(1410,2410,'Annual Training Program 2024',46.00,'2024-06-30'),
(1411,2411,'Annual Training Program 2024',49.00,'2024-06-30'),
(1412,2412,'Annual Training Program 2024',23.00,'2024-06-30'),
(1413,2413,'Annual Training Program 2024',29.00,'2024-06-30'),
(1414,2414,'Annual Training Program 2024',9.00,'2024-06-30'),
(1415,2415,'Annual Training Program 2024',23.00,'2024-06-30'),
(1416,2416,'Annual Training Program 2024',41.00,'2024-06-30'),
(1417,2417,'Annual Training Program 2024',47.00,'2024-06-30'),
(1418,2418,'Annual Training Program 2024',26.00,'2024-06-30'),
(1419,2419,'Annual Training Program 2024',12.00,'2024-06-30'),
(1420,2420,'Annual Training Program 2024',43.00,'2024-06-30'),
(1421,2421,'Annual Training Program 2024',24.00,'2024-06-30'),
(1422,2422,'Annual Training Program 2024',17.00,'2024-06-30'),
(1423,2423,'Annual Training Program 2024',42.00,'2024-06-30'),
(1424,2424,'Annual Training Program 2024',9.00,'2024-06-30'),
(1425,2425,'Annual Training Program 2024',35.00,'2024-06-30'),
(1426,2426,'Annual Training Program 2024',54.00,'2024-06-30'),
(1427,2427,'Annual Training Program 2024',53.00,'2024-06-30'),
(1428,2428,'Annual Training Program 2024',36.00,'2024-06-30'),
(1429,2429,'Annual Training Program 2024',61.00,'2024-06-30'),
(1430,2430,'Annual Training Program 2024',37.00,'2024-06-30'),
(1431,2431,'Annual Training Program 2024',39.00,'2024-06-30'),
(1432,2432,'Annual Training Program 2024',48.00,'2024-06-30'),
(1433,2433,'Annual Training Program 2024',57.00,'2024-06-30'),
(1434,2434,'Annual Training Program 2024',16.00,'2024-06-30'),
(1435,2435,'Annual Training Program 2024',42.00,'2024-06-30'),
(1436,2436,'Annual Training Program 2024',34.00,'2024-06-30'),
(1437,2437,'Annual Training Program 2024',47.00,'2024-06-30'),
(1438,2438,'Annual Training Program 2024',50.00,'2024-06-30'),
(1439,2439,'Annual Training Program 2024',44.00,'2024-06-30'),
(1440,2440,'Annual Training Program 2024',59.00,'2024-06-30'),
(1441,2441,'Annual Training Program 2024',49.00,'2024-06-30'),
(1442,2442,'Annual Training Program 2024',52.00,'2024-06-30'),
(1443,2443,'Annual Training Program 2024',24.00,'2024-06-30'),
(1444,2444,'Annual Training Program 2024',56.00,'2024-06-30'),
(1445,2445,'Annual Training Program 2024',28.00,'2024-06-30'),
(1446,2446,'Annual Training Program 2024',31.00,'2024-06-30'),
(1447,2447,'Annual Training Program 2024',29.00,'2024-06-30'),
(1448,2448,'Annual Training Program 2024',10.00,'2024-06-30'),
(1449,2449,'Annual Training Program 2024',34.00,'2024-06-30'),
(1450,2450,'Annual Training Program 2024',54.00,'2024-06-30'),
(1451,2451,'Annual Training Program 2024',57.00,'2024-06-30'),
(1452,2452,'Annual Training Program 2024',56.00,'2024-06-30'),
(1453,2453,'Annual Training Program 2024',35.00,'2024-06-30'),
(1454,2454,'Annual Training Program 2024',49.00,'2024-06-30'),
(1455,2455,'Annual Training Program 2024',35.00,'2024-06-30'),
(1456,2456,'Annual Training Program 2024',41.00,'2024-06-30'),
(1457,2457,'Annual Training Program 2024',42.00,'2024-06-30'),
(1458,2458,'Annual Training Program 2024',47.00,'2024-06-30'),
(1459,2459,'Annual Training Program 2024',26.00,'2024-06-30'),
(1460,2460,'Annual Training Program 2024',38.00,'2024-06-30'),
(1461,2461,'Annual Training Program 2024',39.00,'2024-06-30'),
(1462,2462,'Annual Training Program 2024',11.00,'2024-06-30'),
(1463,2463,'Annual Training Program 2024',31.00,'2024-06-30'),
(1464,2464,'Annual Training Program 2024',25.00,'2024-06-30'),
(1465,2465,'Annual Training Program 2024',38.00,'2024-06-30'),
(1466,2466,'Annual Training Program 2024',40.00,'2024-06-30'),
(1467,2467,'Annual Training Program 2024',33.00,'2024-06-30'),
(1468,2468,'Annual Training Program 2024',44.00,'2024-06-30'),
(1469,2469,'Annual Training Program 2024',49.00,'2024-06-30'),
(1470,2470,'Annual Training Program 2024',19.00,'2024-06-30'),
(1471,2471,'Annual Training Program 2024',60.00,'2024-06-30'),
(1472,2472,'Annual Training Program 2024',23.00,'2024-06-30'),
(1473,2473,'Annual Training Program 2024',46.00,'2024-06-30'),
(1474,2474,'Annual Training Program 2024',47.00,'2024-06-30'),
(1475,2475,'Annual Training Program 2024',19.00,'2024-06-30'),
(1476,2476,'Annual Training Program 2024',62.00,'2024-06-30'),
(1477,2477,'Annual Training Program 2024',51.00,'2024-06-30'),
(1478,2478,'Annual Training Program 2024',25.00,'2024-06-30'),
(1479,2479,'Annual Training Program 2024',44.00,'2024-06-30'),
(1480,2480,'Annual Training Program 2024',32.00,'2024-06-30'),
(1481,2481,'Annual Training Program 2024',68.00,'2024-06-30'),
(1482,2482,'Annual Training Program 2024',46.00,'2024-06-30'),
(1483,2483,'Annual Training Program 2024',39.00,'2024-06-30'),
(1484,2484,'Annual Training Program 2024',40.00,'2024-06-30'),
(1485,2485,'Annual Training Program 2024',41.00,'2024-06-30'),
(1486,2486,'Annual Training Program 2024',53.00,'2024-06-30'),
(1487,2487,'Annual Training Program 2024',39.00,'2024-06-30'),
(1488,2488,'Annual Training Program 2024',32.00,'2024-06-30'),
(1489,2489,'Annual Training Program 2024',25.00,'2024-06-30'),
(1490,2490,'Annual Training Program 2024',68.00,'2024-06-30'),
(1491,2491,'Annual Training Program 2024',69.00,'2024-06-30'),
(1492,2492,'Annual Training Program 2024',45.00,'2024-06-30'),
(1493,2493,'Annual Training Program 2024',51.00,'2024-06-30'),
(1494,2494,'Annual Training Program 2024',49.00,'2024-06-30'),
(1495,2495,'Annual Training Program 2024',35.00,'2024-06-30'),
(1496,2496,'Annual Training Program 2024',46.00,'2024-06-30'),
(1497,2497,'Annual Training Program 2024',53.00,'2024-06-30'),
(1498,2498,'Annual Training Program 2024',41.00,'2024-06-30'),
(1499,2499,'Annual Training Program 2024',57.00,'2024-06-30'),
(1500,2500,'Annual Training Program 2024',38.00,'2024-06-30');
/*!40000 ALTER TABLE `training_records` ENABLE KEYS */;
UNLOCK TABLES;
/*!40103 SET TIME_ZONE=@OLD_TIME_ZONE */;

/*!40101 SET SQL_MODE=@OLD_SQL_MODE */;
/*!40014 SET FOREIGN_KEY_CHECKS=@OLD_FOREIGN_KEY_CHECKS */;
/*!40014 SET UNIQUE_CHECKS=@OLD_UNIQUE_CHECKS */;
/*!40101 SET CHARACTER_SET_CLIENT=@OLD_CHARACTER_SET_CLIENT */;
/*!40101 SET CHARACTER_SET_RESULTS=@OLD_CHARACTER_SET_RESULTS */;
/*!40101 SET COLLATION_CONNECTION=@OLD_COLLATION_CONNECTION */;
/*!40111 SET SQL_NOTES=@OLD_SQL_NOTES */;

-- Dump completed on 2026-07-18 18:22:14
